ID,Checking_account,Duration_in_month,Credit_history,Purpose,Credit_amount,Saving_accout,Present_employment,Installment_rate,Personal_status___sex,Other_debtors_guarantors,Present_residence,Property,Age,Other_installment_plan,Housing,Num_of_existing_credits,Job,Num_of_people_liable,Telephone,Foreign_worker,Credit_status
1,1,6,4,3,1169,5,5,4,3,1,4,1,67,3,2,2,3,1,2,1,N
2,4,12,4,6,2096,1,4,2,3,1,3,1,49,3,2,1,2,2,1,1,N
3,1,42,2,2,7882,1,4,2,3,3,4,2,45,3,3,1,3,2,1,1,N
4,4,36,2,6,9055,5,3,2,3,1,4,4,35,3,3,1,2,2,2,1,N
5,4,24,2,2,2835,3,5,3,3,1,4,2,53,3,2,1,3,1,1,1,N
6,2,36,2,1,6948,1,3,2,3,1,2,3,35,3,1,1,4,1,2,1,N
7,4,12,2,3,3059,4,4,2,1,1,4,1,61,3,2,1,2,1,1,1,N
8,2,12,2,3,1567,1,3,1,2,1,1,3,22,3,2,1,3,1,2,1,N
9,1,15,2,0,1403,1,3,2,2,1,4,3,28,3,1,1,3,1,1,1,N
10,4,24,4,3,2424,5,5,4,3,1,4,2,53,3,2,2,3,1,1,1,N
11,1,30,0,9,8072,5,2,2,3,1,3,3,25,1,2,3,3,1,1,1,N
12,4,24,2,3,3430,3,5,3,3,1,2,3,31,3,2,1,3,2,2,1,N
13,4,9,4,0,2134,1,3,4,3,1,4,3,48,3,2,3,3,1,2,1,N
14,1,6,2,3,2647,3,3,2,3,1,3,1,44,3,1,1,3,2,1,1,N
15,1,10,4,0,2241,1,2,1,3,1,3,1,48,3,1,2,2,2,1,2,N
16,2,12,4,1,1804,2,2,3,3,1,4,2,44,3,2,1,3,1,1,1,N
17,4,10,4,2,2069,5,3,2,4,1,1,3,26,3,2,2,3,1,1,2,N
18,1,6,2,2,1374,1,3,1,3,1,2,1,36,1,2,1,2,1,2,1,N
19,4,6,0,3,426,1,5,4,4,1,4,3,39,3,2,1,2,1,1,1,N
20,3,12,1,3,409,4,3,3,2,1,3,1,42,3,1,2,3,1,1,1,N
21,2,7,2,3,2415,1,3,3,3,3,2,1,34,3,2,1,3,1,1,1,N
22,2,18,2,9,1913,4,2,3,4,1,3,1,36,1,2,1,3,1,2,1,N
23,1,24,2,2,4020,1,3,2,3,1,2,3,27,2,2,1,3,1,1,1,N
24,2,18,2,0,5866,2,3,2,3,1,2,3,30,3,2,2,3,1,2,1,N
25,4,12,4,9,1264,5,5,4,3,1,4,4,57,3,1,1,2,1,1,1,N
26,3,12,2,2,1474,1,2,4,2,1,1,2,33,1,2,1,4,1,2,1,N
27,4,48,4,6,6110,1,3,1,3,1,3,4,31,1,3,1,3,1,2,1,N
28,3,10,2,4,1225,1,3,2,3,1,2,3,37,3,2,1,3,1,2,1,N
29,2,9,2,3,458,1,3,4,3,1,3,1,24,3,2,1,3,1,1,1,N
30,4,30,2,3,2333,3,5,4,3,1,2,3,30,1,2,1,4,1,1,1,N
31,2,12,2,3,1158,3,3,3,1,1,1,3,26,3,2,1,3,1,2,1,N
32,2,18,3,5,6204,1,3,2,3,1,4,1,44,3,2,1,2,2,2,1,N
33,1,30,4,1,6187,2,4,1,4,1,4,3,24,3,1,2,3,1,1,1,N
34,4,11,4,0,1393,1,2,4,2,1,4,3,35,3,2,2,4,1,1,1,N
35,4,36,2,3,2299,3,5,4,3,1,4,3,39,3,2,1,3,1,1,1,N
36,1,6,2,1,1352,3,1,1,2,1,2,2,23,3,1,1,1,1,2,1,N
37,4,11,4,0,7228,1,3,1,3,1,4,2,39,3,2,2,2,1,1,1,N
38,4,12,2,3,2073,2,3,4,2,2,2,1,28,3,2,1,3,1,1,1,N
39,2,24,3,2,2333,5,2,4,3,1,2,2,29,1,2,1,2,1,1,1,N
40,2,27,3,1,5965,1,5,1,3,1,2,3,30,3,2,2,4,1,2,1,N
41,4,12,2,3,1262,1,3,3,3,1,2,3,25,3,2,1,3,1,1,1,N
42,4,18,2,1,3378,5,3,2,3,1,1,2,31,3,2,1,3,1,2,1,N
43,4,6,1,0,783,5,3,1,3,3,2,1,26,2,2,1,2,2,1,1,N
44,4,36,4,3,9566,1,3,2,2,1,2,3,31,2,2,2,3,1,1,1,N
45,3,18,2,0,1961,1,5,3,2,1,2,3,23,3,2,1,4,1,1,1,N
46,2,9,2,9,1391,1,3,2,4,1,1,1,27,1,2,1,3,1,2,1,N
47,2,15,4,3,1537,5,5,4,3,3,4,1,50,3,2,2,3,1,2,1,N
48,4,24,2,3,3181,1,2,4,2,1,4,2,26,3,2,1,3,1,2,1,N
49,4,27,2,5,5190,5,5,4,3,1,4,2,48,3,2,4,3,2,2,1,N
50,4,12,2,3,2171,1,2,2,2,1,2,3,29,1,2,1,3,1,1,1,N
51,2,12,2,0,1007,4,3,4,4,1,1,1,22,3,2,1,3,1,1,1,N
52,4,36,2,3,2394,5,3,4,2,1,4,3,25,3,2,1,3,1,1,1,N
53,4,36,2,1,8133,1,3,1,2,1,2,2,30,1,2,1,3,1,1,1,N
54,4,7,4,3,730,5,5,4,3,1,2,2,46,3,1,2,2,1,2,1,N
55,1,8,4,10,1164,1,5,3,3,1,4,4,51,1,3,2,4,2,2,1,N
56,2,42,4,9,5954,1,4,2,2,1,1,1,41,1,2,2,2,1,1,1,N
57,1,12,4,1,1526,1,5,4,3,1,4,4,66,3,3,2,4,1,1,1,N
58,2,11,3,3,4771,1,4,2,3,1,4,2,51,3,2,1,3,1,1,1,N
59,4,54,0,1,9436,5,3,2,3,1,2,2,39,3,2,1,2,2,1,1,N
60,2,30,2,2,3832,1,2,2,4,1,1,2,22,3,2,1,3,1,1,1,N
61,4,15,2,3,1213,3,5,4,3,1,3,2,47,2,2,1,3,1,2,1,N
62,4,18,2,9,1568,2,3,3,2,1,4,2,24,3,1,1,2,1,1,1,N
63,1,24,2,10,1755,1,5,4,2,3,4,1,58,3,2,1,2,1,2,1,N
64,1,10,2,3,2315,1,5,3,3,1,4,1,52,3,2,1,2,1,1,1,N
65,4,12,4,9,1412,1,3,4,2,3,2,1,29,3,2,2,4,1,2,1,N
66,2,18,4,2,1295,1,2,4,2,1,1,2,27,3,2,2,3,1,1,1,N
67,1,18,2,0,2249,2,4,4,3,1,3,3,30,3,2,1,4,2,2,1,N
68,4,12,4,3,618,1,5,4,3,1,4,1,56,3,2,1,3,1,1,1,N
69,1,12,4,1,1409,1,5,4,3,1,3,1,54,3,2,1,3,1,1,1,N
70,3,24,4,2,3617,5,5,4,3,2,4,4,20,3,1,2,3,1,1,1,N
71,2,12,2,0,1318,4,5,4,3,1,4,1,54,3,2,1,3,1,2,1,N
72,4,12,4,6,2012,5,4,4,2,1,2,3,61,3,2,1,3,1,1,1,N
73,2,18,2,9,2622,2,3,4,3,1,4,3,34,3,2,1,3,1,1,1,N
74,2,36,4,3,2337,1,5,4,3,1,4,1,36,3,2,1,3,1,1,1,N
75,2,20,3,1,7057,5,4,3,3,1,4,2,36,1,1,2,4,2,2,1,N
76,4,24,2,0,1469,2,5,4,4,1,4,1,41,3,1,1,2,1,1,1,N
77,2,36,2,3,2323,1,4,4,3,1,4,3,24,3,1,1,3,1,1,1,N
78,4,6,3,3,932,1,3,3,2,1,2,1,24,3,2,1,3,1,1,1,N
79,2,9,4,2,1919,1,4,4,3,1,3,3,35,3,1,1,3,1,2,1,N
80,4,12,2,1,2445,5,2,2,4,1,4,3,26,3,1,1,3,1,2,1,N
81,2,12,2,0,6078,1,4,2,3,1,2,3,32,3,2,1,3,1,1,1,N
82,1,24,2,2,7721,5,2,1,2,1,2,2,30,3,2,1,3,1,2,2,N
83,2,14,2,9,1410,3,5,1,4,1,2,1,35,3,2,1,3,1,2,1,N
84,2,6,3,9,1449,2,5,1,1,1,2,3,31,1,2,2,3,2,1,1,N
85,3,15,2,6,392,1,2,4,2,1,4,2,23,3,1,1,3,1,2,1,N
86,2,18,2,0,6260,1,4,3,3,1,3,1,28,3,1,1,2,1,1,1,N
87,1,12,2,3,1680,3,5,3,4,1,1,1,35,3,2,1,3,1,1,1,N
88,4,48,4,3,3578,5,5,4,3,1,1,1,47,3,2,1,3,1,2,1,N
89,1,10,4,2,2132,5,2,2,2,2,3,1,27,3,1,2,3,1,1,2,N
90,2,12,4,0,2366,3,4,3,1,1,3,3,36,3,2,1,4,1,2,1,N
91,4,24,4,1,3868,1,5,4,2,1,2,3,41,3,1,2,4,1,2,1,N
92,4,12,2,2,1768,1,3,3,3,1,2,1,24,3,1,1,2,1,1,1,N
93,3,10,4,0,781,1,5,4,3,1,4,4,63,3,3,2,3,1,2,1,N
94,1,12,4,0,2121,1,3,4,3,1,2,2,30,3,2,2,3,1,1,1,N
95,1,12,2,3,701,1,3,4,4,1,2,1,40,3,2,1,2,1,1,1,N
96,2,12,4,1,1860,1,1,4,3,1,2,3,34,3,2,2,4,1,2,1,N
97,2,48,2,0,8487,5,4,1,2,1,2,3,24,3,2,1,3,1,1,1,N
98,4,15,2,2,2708,1,2,2,3,1,3,2,27,1,2,2,2,1,1,1,N
99,4,18,2,2,1984,1,3,4,3,1,4,4,47,1,3,2,3,1,1,1,N
100,4,60,2,3,10144,2,4,2,2,1,4,1,21,3,2,1,3,1,2,1,N
101,4,12,4,3,1240,5,5,4,2,1,2,1,38,3,2,2,3,1,2,1,N
102,4,27,3,1,8613,4,3,2,3,1,2,3,27,3,2,2,3,1,1,1,N
103,2,15,4,3,2728,5,4,4,3,3,2,1,35,1,2,3,3,1,2,1,N
104,3,12,2,3,1881,1,3,2,2,1,2,3,44,3,1,1,2,1,2,1,N
105,3,6,2,0,709,4,2,2,4,1,2,1,27,3,2,1,1,1,1,2,N
106,2,36,2,3,4795,1,2,4,2,1,1,4,30,3,2,1,4,1,2,1,N
107,1,27,2,3,3416,1,3,3,3,1,2,3,27,3,2,1,4,1,1,1,N
108,4,21,4,2,2288,1,2,4,2,1,4,2,23,3,2,1,3,1,2,1,N
109,2,48,1,9,3566,2,4,4,3,1,2,3,30,3,2,1,3,1,1,1,N
110,1,6,4,0,860,1,5,1,2,1,4,4,39,3,2,2,3,1,2,1,N
111,4,12,4,0,682,2,4,4,2,1,3,3,51,3,2,2,3,1,2,1,N
112,1,36,4,2,5371,1,3,3,3,3,2,2,28,3,2,2,3,1,1,1,N
113,4,18,4,3,1582,4,5,4,3,1,4,3,46,3,2,2,3,1,1,1,N
114,4,6,2,3,1346,2,5,2,3,1,4,4,42,1,3,1,3,2,2,1,N
115,4,10,2,3,1924,1,3,1,3,1,4,2,38,3,2,1,3,1,2,2,N
116,3,36,2,3,5848,1,3,4,3,1,1,3,24,3,2,1,3,1,1,1,N
117,2,24,4,1,7758,4,5,2,2,1,4,4,29,3,1,1,3,1,1,1,N
118,2,24,3,9,6967,2,4,4,3,1,4,3,36,3,1,1,4,1,2,1,N
119,1,9,4,5,1288,2,5,3,3,3,4,1,48,3,2,2,3,2,1,2,N
120,1,12,1,8,339,1,5,4,4,1,1,3,45,1,2,1,2,1,1,1,N
121,2,24,2,0,3512,2,4,2,3,1,3,3,38,1,2,2,3,1,2,1,N
122,4,6,4,3,1898,5,3,1,3,1,2,1,34,3,2,2,2,2,1,1,N
123,4,24,4,3,2872,2,5,3,3,1,4,1,36,3,2,1,3,2,2,1,N
124,4,18,4,0,1055,1,2,4,2,1,1,2,30,3,2,2,3,1,1,1,N
125,4,15,2,4,1262,3,4,4,3,1,3,2,36,3,2,2,3,1,2,1,N
126,2,10,2,0,7308,1,1,2,3,1,4,4,70,1,3,1,4,1,2,1,N
127,4,36,2,0,909,3,5,4,3,1,4,2,36,3,2,1,3,1,1,1,N
128,4,6,2,2,2978,3,3,1,3,1,2,3,32,3,2,1,3,1,2,1,N
129,2,11,2,2,1577,4,2,4,2,1,1,1,20,3,2,1,3,1,1,1,N
130,4,24,2,2,3972,1,4,2,2,1,4,2,25,3,1,1,3,1,2,1,N
131,4,12,2,2,763,1,3,4,2,1,1,1,26,3,2,1,3,1,2,1,N
132,2,8,2,3,1414,1,3,4,3,3,2,1,33,3,2,1,3,1,1,2,N
133,1,12,2,2,2577,1,3,2,1,1,1,3,42,3,2,1,3,1,1,1,N
134,1,6,4,3,338,3,5,4,3,1,4,3,52,3,2,2,3,1,1,1,N
135,4,12,2,3,1963,1,4,4,3,1,2,3,31,3,1,2,4,2,2,1,N
136,1,21,4,0,571,1,5,4,3,1,4,1,65,3,2,2,3,1,1,1,N
137,4,24,4,2,3777,4,3,4,3,1,4,1,50,3,2,1,3,1,2,1,N
138,4,15,4,3,1360,1,3,4,3,1,2,2,31,3,2,2,3,1,1,1,N
139,2,16,4,0,1175,1,1,2,3,1,3,3,68,3,3,3,1,1,2,1,N
140,2,18,0,2,3244,1,3,1,2,1,4,3,33,1,2,2,3,1,2,1,N
141,4,6,2,3,2108,1,4,2,4,1,2,1,29,3,1,1,3,1,1,1,N
142,4,6,4,3,1382,1,3,1,2,1,1,3,28,3,2,2,3,1,2,1,N
143,2,24,2,1,2760,5,5,4,3,1,4,4,36,1,3,1,3,1,2,1,N
144,4,9,4,6,936,3,5,4,3,1,2,3,52,3,2,2,3,1,2,1,N
145,1,12,2,0,1168,1,3,4,4,1,3,1,27,3,2,1,2,1,1,1,N
146,4,27,3,9,5117,1,4,3,3,1,4,3,26,3,2,2,3,1,1,1,N
147,4,12,4,0,1495,1,5,4,3,1,1,1,38,3,2,2,2,2,1,1,N
148,1,30,4,1,10623,1,5,3,3,1,4,4,38,3,3,3,4,2,2,1,N
149,4,12,4,2,1935,1,5,4,3,1,4,1,43,3,2,3,3,1,2,1,N
150,2,12,4,4,1424,1,4,4,3,1,3,2,26,3,2,1,3,1,1,1,N
151,1,24,2,9,6568,1,3,2,4,1,2,3,21,2,2,1,2,1,1,1,N
152,4,12,2,1,1413,4,4,3,3,1,2,2,55,3,2,1,3,1,1,2,N
153,4,9,4,3,3074,5,3,1,3,1,2,1,33,3,2,2,3,2,1,1,N
154,4,36,2,3,3835,5,5,2,2,1,4,1,45,3,2,1,2,1,2,1,N
155,4,36,4,3,3342,5,5,4,3,1,2,3,51,3,2,1,3,1,2,1,N
156,2,6,4,8,932,5,4,1,2,1,3,2,39,3,2,2,2,1,1,1,N
157,1,18,0,9,3104,1,4,3,3,1,1,2,31,1,2,1,3,1,2,1,N
158,3,36,2,3,3913,1,3,2,3,1,2,1,23,3,2,1,3,1,2,1,N
159,1,24,2,2,3021,1,3,2,1,1,2,1,24,3,1,1,2,1,1,1,N
160,4,10,2,0,1364,1,3,2,2,1,4,3,64,3,2,1,3,1,2,1,N
161,2,12,2,3,625,1,2,4,4,3,1,1,26,1,2,1,2,1,1,1,N
162,1,12,2,6,1200,5,3,4,2,1,4,2,23,1,1,1,3,1,2,1,N
163,4,12,2,3,707,1,3,4,3,1,2,1,30,1,2,2,3,1,1,1,N
164,4,24,3,9,2978,5,3,4,3,1,4,1,32,3,2,2,3,2,2,1,N
165,4,15,2,1,4657,1,3,3,3,1,2,3,30,3,2,1,3,1,2,1,N
166,4,36,0,5,2613,1,3,4,3,1,2,3,27,3,2,2,3,1,1,1,N
167,1,24,2,2,3149,1,2,4,3,1,1,4,22,1,3,1,3,1,1,1,N
168,4,9,2,0,2507,3,5,2,3,1,4,4,51,3,3,1,2,1,1,1,N
169,4,12,2,3,2141,2,4,3,3,1,1,4,35,3,2,1,3,1,1,1,N
170,2,18,2,3,866,1,3,4,4,3,2,1,25,3,2,1,2,1,1,1,N
171,4,4,4,3,1544,1,4,2,3,1,1,1,42,3,2,3,2,2,1,1,N
172,4,12,4,3,1291,1,3,4,2,1,2,2,35,3,2,2,3,1,1,1,N
173,1,30,2,3,2522,1,5,1,3,3,3,2,39,3,2,1,3,2,1,1,N
174,4,6,2,3,1595,1,4,3,3,1,2,2,51,3,2,1,3,2,1,1,N
175,4,12,4,9,1185,1,3,3,2,1,2,1,27,3,2,2,3,1,1,1,N
176,4,12,1,8,3447,3,3,4,2,1,3,1,35,3,2,1,2,2,1,1,N
177,4,24,2,9,1258,1,4,4,3,1,1,1,25,3,2,1,3,1,2,1,N
178,4,12,4,3,717,1,5,4,3,1,4,1,52,3,2,3,3,1,1,1,N
179,4,6,0,0,1204,2,3,4,3,1,1,4,35,1,1,1,3,1,1,2,N
180,3,24,2,2,1925,1,3,2,3,1,2,1,26,3,2,1,3,1,1,1,N
181,1,6,4,0,666,4,4,3,2,1,4,1,39,3,2,2,2,1,2,1,N
182,3,12,2,2,2251,1,3,1,2,1,2,3,46,3,2,1,2,1,1,1,N
183,4,24,3,2,4151,2,3,2,3,1,3,2,35,3,2,2,3,1,1,1,N
184,2,9,2,2,2030,5,4,2,3,1,1,3,24,3,2,1,3,1,2,1,N
185,2,60,3,3,7418,5,3,1,3,1,1,1,27,3,2,1,2,1,1,1,N
186,4,24,4,3,2684,1,3,4,3,1,2,1,35,3,2,2,2,1,1,1,N
187,4,15,2,1,3812,2,2,1,2,1,4,3,23,3,2,1,3,1,2,1,N
188,4,11,4,3,1154,2,1,4,2,1,4,1,57,3,2,3,2,1,1,1,N
189,1,12,2,2,1657,1,3,2,3,1,2,1,27,3,2,1,3,1,1,1,N
190,1,24,2,3,1603,1,5,4,2,1,4,3,55,3,2,1,3,1,1,1,N
191,1,18,4,0,5302,1,5,2,3,1,4,4,36,3,3,3,4,1,2,1,N
192,4,12,4,6,2748,1,5,2,2,1,4,4,57,1,3,3,2,1,1,1,N
193,4,10,4,0,1231,1,5,3,3,1,4,1,32,3,2,2,2,2,1,2,N
194,4,36,4,9,6304,5,5,4,3,1,4,1,36,3,2,2,3,1,1,1,N
195,4,24,2,3,1533,1,2,4,2,1,3,3,38,2,2,1,3,1,2,1,N
196,4,24,2,3,999,5,5,4,3,1,2,3,25,3,2,2,3,1,1,1,N
197,4,18,2,0,2662,5,4,4,3,1,3,2,32,3,2,1,3,1,1,2,N
198,4,12,4,2,1402,3,4,3,2,1,4,3,37,3,1,1,3,1,2,1,N
199,2,48,1,0,12169,5,1,4,3,2,4,4,36,3,3,1,4,1,2,1,N
200,4,9,2,3,2697,1,3,1,3,1,2,1,32,3,2,1,3,2,1,1,N
201,4,18,4,3,2404,1,3,2,2,1,2,3,26,3,2,2,3,1,1,1,N
202,1,12,2,2,1262,5,5,2,1,1,4,2,49,3,2,1,2,1,2,1,N
203,4,24,2,3,1901,2,3,4,3,1,4,3,29,3,1,1,4,1,2,1,N
204,4,15,4,1,3368,4,5,3,3,1,4,4,23,3,1,2,3,1,2,1,N
205,4,12,2,2,1574,1,3,4,3,1,2,1,50,3,2,1,3,1,1,1,N
206,3,18,1,3,1445,5,4,4,3,1,4,3,49,1,2,1,2,1,1,1,N
207,4,15,4,2,1520,5,5,4,3,1,4,2,63,3,2,1,3,1,1,1,N
208,2,24,4,0,3878,2,2,4,1,1,2,3,37,3,2,1,3,1,2,1,N
209,1,47,2,0,10722,1,2,1,2,1,1,1,35,3,2,1,2,1,2,1,N
210,1,48,2,1,4788,1,4,4,3,1,3,2,26,3,2,1,3,2,1,1,N
211,2,48,3,10,7582,2,1,2,3,1,4,4,31,3,3,1,4,1,2,1,N
212,2,12,2,3,1092,1,3,4,2,3,4,1,49,3,2,2,3,1,2,1,N
213,4,12,2,9,1076,1,3,2,4,1,2,1,26,3,2,1,3,1,2,2,N
214,1,24,4,1,6419,1,5,2,2,1,4,4,44,3,3,2,4,2,2,1,N
215,3,42,4,1,4796,1,5,4,3,1,4,4,56,3,3,1,3,1,1,1,N
216,4,48,4,9,7629,5,5,4,1,1,2,3,46,1,2,2,4,2,1,1,N
217,4,12,2,1,4675,5,2,1,2,1,4,3,20,3,1,1,3,1,1,1,N
218,4,10,2,0,1287,5,5,4,3,2,2,2,45,3,2,1,2,1,1,2,N
219,4,18,2,2,2515,1,3,3,3,1,4,1,43,3,2,1,3,1,2,1,N
220,2,21,4,2,2745,4,4,3,3,1,2,3,32,3,2,2,3,1,2,1,N
221,4,6,2,0,672,1,1,1,2,1,4,1,54,3,2,1,1,1,2,1,N
222,1,10,4,0,1038,1,4,4,3,2,3,2,49,3,2,2,3,1,2,1,N
223,4,6,2,2,1543,4,3,4,1,1,2,1,33,3,2,1,3,1,1,1,N
224,4,30,2,1,4811,5,4,2,2,1,4,2,24,2,1,1,2,1,1,1,N
225,2,9,2,0,276,1,3,4,4,1,4,1,22,3,1,1,2,1,1,1,N
226,2,48,2,10,5381,5,1,3,3,1,4,4,40,1,3,1,1,1,2,1,N
227,4,24,2,2,5511,2,3,4,3,1,1,3,25,2,2,1,3,1,1,1,N
228,3,24,2,2,3749,1,2,2,2,1,4,3,26,3,2,1,3,1,1,1,N
229,3,4,2,0,1494,5,2,1,3,1,2,1,29,3,2,1,2,2,1,2,N
230,1,12,2,2,708,1,3,2,3,3,3,2,38,3,2,1,2,2,1,1,N
231,2,24,2,2,4351,5,3,1,2,1,4,2,48,3,2,1,2,1,2,1,N
232,4,12,4,6,701,1,3,4,3,1,2,3,32,3,2,2,3,1,1,1,N
233,1,15,3,2,3643,1,5,1,2,1,4,2,27,3,2,2,2,1,1,1,N
234,1,24,2,1,2910,1,4,2,3,1,1,4,34,3,3,1,4,1,2,1,N
235,1,18,2,2,2659,4,3,4,3,1,2,3,28,3,2,1,3,1,1,1,N
236,4,18,4,0,1028,1,3,4,2,1,3,1,36,3,2,2,3,1,1,1,N
237,1,8,4,0,3398,1,4,1,3,1,4,1,39,3,2,2,2,1,1,2,N
238,4,12,4,2,5801,5,5,2,3,1,4,2,49,3,1,1,3,1,2,1,N
239,4,24,2,0,1525,4,4,4,2,1,3,3,34,3,2,1,3,2,2,1,N
240,3,36,2,3,4473,1,5,4,3,1,2,3,31,3,2,1,3,1,1,1,N
241,2,6,2,3,1068,1,5,4,3,1,4,3,28,3,2,1,3,2,1,1,N
242,1,24,4,1,6615,1,1,2,3,1,4,4,75,3,3,2,4,1,2,1,N
243,2,13,2,3,2101,1,2,2,2,3,4,2,23,3,2,1,2,1,1,1,N
244,1,24,2,2,4169,1,3,4,3,1,4,2,28,3,2,1,3,1,1,1,N
245,2,10,2,2,1521,1,3,4,1,1,2,3,31,3,2,1,2,1,1,1,N
246,2,24,4,6,5743,1,2,2,2,1,4,4,24,3,3,2,3,1,2,1,N
247,1,21,2,2,3599,1,4,1,2,1,4,3,26,3,1,1,2,1,1,1,N
248,2,18,2,3,3213,3,2,1,4,1,3,1,25,3,1,1,3,1,1,1,N
249,2,18,2,9,4439,1,5,1,3,2,1,1,33,1,2,1,4,1,2,1,N
250,3,10,2,0,3949,1,2,1,3,3,1,2,37,3,2,1,2,2,1,1,N
251,4,15,4,3,1459,1,3,4,2,1,2,3,43,3,2,1,2,1,1,1,N
252,2,13,4,3,882,1,2,4,3,3,4,1,23,3,2,2,3,1,1,1,N
253,2,24,2,3,3758,3,1,1,2,1,4,4,23,3,1,1,1,1,1,1,N
254,4,6,3,9,1743,2,3,1,3,1,2,1,34,3,2,2,2,1,1,1,N
255,4,9,2,4,1236,1,2,1,2,1,4,1,23,3,1,1,3,1,2,1,N
256,4,18,4,1,3229,5,1,2,3,1,4,4,38,3,2,1,4,1,2,1,N
257,4,10,2,6,727,3,5,4,3,1,4,4,46,3,3,1,3,1,2,1,N
258,4,12,4,3,2331,5,5,1,3,2,4,1,49,3,2,1,3,1,2,1,N
259,4,12,2,3,776,1,3,4,4,1,2,1,28,3,2,1,3,1,1,1,N
260,2,18,2,6,1239,5,3,4,3,1,4,4,61,3,3,1,3,1,1,1,N
261,3,12,2,3,3399,5,5,2,3,1,3,3,37,3,2,1,4,1,1,1,N
262,3,12,3,0,2247,1,3,2,2,1,2,3,36,2,2,2,3,1,2,1,N
263,4,6,2,2,1766,1,3,1,4,1,2,2,21,3,1,1,3,1,1,1,N
264,4,12,2,9,1542,1,4,2,3,1,4,3,36,3,2,1,3,1,2,1,N
265,4,18,4,1,3850,1,4,3,3,1,1,3,27,3,2,2,3,1,1,1,N
266,1,18,2,2,3650,1,2,1,2,1,4,3,22,3,1,1,3,1,1,1,N
267,2,18,2,2,3001,1,4,2,2,1,4,1,40,3,1,1,3,1,1,1,N
268,4,36,2,0,3079,5,3,4,3,1,4,1,36,3,2,1,3,1,1,1,N
269,4,18,4,3,6070,1,5,3,3,1,4,3,33,3,2,2,3,1,2,1,N
270,4,10,4,2,2146,1,2,1,2,1,3,1,23,3,1,2,3,1,1,1,N
271,4,60,4,0,13756,5,5,2,3,1,4,4,63,1,3,1,4,1,2,1,N
272,4,18,3,3,2320,1,1,2,4,1,3,1,34,3,2,2,3,1,1,1,N
273,4,7,3,3,846,5,5,3,3,1,4,4,36,3,3,1,3,1,1,1,N
274,4,6,4,0,362,2,3,4,2,1,4,3,52,3,2,2,2,1,1,1,N
275,1,20,2,2,2212,5,4,4,3,1,4,3,39,3,2,1,3,1,2,1,N
276,4,22,2,0,1283,5,4,4,2,1,4,2,25,3,1,1,3,1,1,1,N
277,3,12,2,0,1330,1,2,4,3,1,1,1,26,3,2,1,3,1,1,1,N
278,4,30,3,9,4272,2,3,2,3,1,2,2,26,3,2,2,2,1,1,1,N
279,4,18,4,3,2238,1,3,2,2,1,1,3,25,3,2,2,3,1,1,1,N
280,4,18,2,3,1126,5,2,4,2,1,2,1,21,3,1,1,3,1,2,1,N
281,2,18,4,2,7374,1,1,4,3,1,4,2,40,2,2,2,4,1,2,1,N
282,2,15,4,9,2326,3,3,2,3,1,4,3,27,1,2,1,3,1,1,1,N
283,4,9,2,9,1449,1,4,3,2,1,2,3,27,3,2,2,3,1,1,1,N
284,4,18,2,0,1820,1,3,2,4,1,2,2,30,3,2,1,4,1,2,1,N
285,2,12,2,2,983,4,2,1,2,1,4,1,19,3,1,1,2,1,1,1,N
286,1,36,2,0,3249,1,4,2,3,1,4,4,39,1,3,1,4,2,2,1,N
287,1,6,4,3,1957,1,4,1,2,1,4,3,31,3,2,1,3,1,1,1,N
288,4,9,4,2,2406,1,1,2,3,1,3,3,31,3,2,1,4,1,1,1,N
289,2,39,3,6,11760,2,4,2,3,1,3,4,32,3,1,1,3,1,2,1,N
290,1,12,2,2,2578,1,1,3,2,1,4,4,55,3,3,1,4,1,1,1,N
291,1,36,4,2,2348,1,3,3,4,1,2,2,46,3,2,2,3,1,2,1,N
292,4,24,4,3,1516,4,3,4,2,1,1,1,43,3,2,2,2,1,1,1,N
293,4,18,2,3,1473,1,2,3,4,1,4,1,39,3,2,1,3,1,2,1,N
294,2,18,4,9,1887,5,3,4,4,1,4,1,28,1,2,2,3,1,1,1,N
295,4,14,3,0,802,1,3,4,3,1,2,3,27,3,2,2,2,1,1,1,N
296,2,18,3,0,2899,5,5,4,3,1,4,3,43,3,2,1,3,2,1,1,N
297,4,24,4,1,2197,5,4,4,3,1,4,3,43,3,2,2,3,2,2,1,N
298,1,15,2,3,1053,1,2,4,4,1,2,1,27,3,2,1,3,1,1,2,N
299,4,24,2,3,3235,3,5,3,1,1,2,3,26,3,2,1,4,1,2,1,N
300,2,24,2,3,1967,1,5,4,2,1,4,3,20,3,2,1,3,1,2,1,N
301,4,33,4,1,7253,1,4,3,3,1,2,3,35,3,2,2,4,1,2,1,N
302,4,10,2,0,1597,3,3,3,3,1,2,4,40,3,1,1,2,2,1,2,N
303,4,36,4,1,5842,1,5,2,3,1,2,2,35,3,2,2,3,2,2,1,N
304,1,18,3,6,8471,5,3,1,2,1,2,3,23,3,1,2,3,1,2,1,N
305,4,21,2,0,2782,3,4,1,2,1,2,3,31,1,2,1,4,1,1,1,N
306,4,15,2,0,3186,4,4,2,2,1,3,3,20,3,1,1,3,1,1,1,N
307,2,12,2,1,2028,5,3,4,3,1,2,3,30,3,2,1,3,1,1,1,N
308,2,12,4,0,958,1,4,2,3,1,3,1,47,3,2,2,2,2,1,1,N
309,4,21,3,2,1591,2,4,4,3,1,3,1,34,3,2,2,4,1,1,1,N
310,2,18,2,1,2779,1,3,1,4,1,3,3,21,3,1,1,3,1,2,1,N
311,4,28,4,3,2743,1,5,4,3,1,2,3,29,3,2,2,3,1,1,1,N
312,4,18,4,3,1149,4,3,4,3,1,3,1,46,3,2,2,3,1,1,1,N
313,4,9,2,2,1313,1,5,1,3,1,4,3,20,3,2,1,3,1,1,1,N
314,4,5,2,9,3448,1,4,1,3,1,4,1,74,3,2,1,2,1,1,1,N
315,1,6,4,2,1872,1,1,4,3,1,4,4,36,3,3,3,4,1,2,1,N
316,4,24,4,5,2058,1,3,4,1,1,2,1,33,3,2,2,3,1,2,1,N
317,1,9,2,2,2136,1,3,3,3,1,2,1,25,3,2,1,3,1,1,1,N
318,4,6,2,5,660,3,4,2,4,1,4,1,23,3,1,1,2,1,1,1,N
319,4,24,4,0,1287,4,5,4,2,1,4,1,37,3,2,2,3,1,2,1,N
320,1,42,4,5,3394,1,1,4,3,2,4,3,65,3,2,2,1,1,1,1,N
321,4,12,2,0,1884,1,5,4,3,1,4,3,39,3,2,1,4,1,2,1,N
322,1,12,2,2,1620,1,3,2,2,2,3,2,30,3,2,1,3,1,1,1,N
323,2,20,3,10,2629,1,3,2,3,1,3,3,29,1,2,2,3,1,2,1,N
324,4,9,4,6,1244,5,5,4,2,1,4,2,41,3,1,2,2,1,1,1,N
325,2,7,2,3,2576,1,3,2,3,3,2,1,35,3,2,1,3,1,1,1,N
326,3,12,2,2,1424,5,5,3,2,1,4,1,55,3,2,1,4,1,2,1,N
327,4,36,4,1,11054,5,3,4,3,1,2,3,30,3,2,1,4,1,2,1,N
328,4,6,2,3,518,1,3,3,2,1,1,1,29,3,2,1,3,1,1,1,N
329,4,12,0,2,2759,1,5,2,3,1,4,2,34,3,2,2,3,1,1,1,N
330,4,24,2,1,2670,1,5,4,3,1,4,3,35,3,2,1,4,1,2,1,N
331,4,24,2,1,2679,1,2,4,2,1,1,4,29,3,2,1,4,1,2,1,N
332,1,11,4,0,3905,1,3,2,3,1,2,1,36,3,1,2,3,2,1,1,N
333,1,6,2,4,343,1,2,4,2,1,1,1,27,3,2,1,3,1,1,1,N
334,4,18,2,3,4594,1,2,3,3,1,2,3,32,3,2,1,3,1,2,1,N
335,1,36,2,2,3620,1,3,1,3,3,2,2,37,3,2,1,3,2,1,1,N
336,1,15,2,0,1721,1,2,2,3,1,3,1,36,3,2,1,3,1,1,1,N
337,2,12,2,2,3017,1,2,3,2,1,1,1,34,3,1,1,4,1,1,1,N
338,2,12,2,8,754,5,5,4,3,1,4,2,38,3,2,2,3,1,1,1,N
339,4,18,2,9,1950,1,4,4,3,1,1,3,34,2,2,2,3,1,2,1,N
340,1,24,2,1,2924,1,3,3,3,3,4,4,63,1,2,1,3,2,2,1,N
341,4,48,3,3,7238,5,5,3,3,1,3,3,32,1,2,2,3,2,1,1,N
342,4,33,3,9,2764,1,3,2,2,1,2,3,26,3,2,2,3,1,2,1,N
343,4,24,3,1,4679,1,4,3,3,1,3,3,35,3,2,2,2,1,2,1,N
344,4,6,2,8,1238,5,1,4,3,1,4,2,36,3,2,1,4,2,2,1,N
345,4,39,2,1,2569,3,3,4,3,1,4,3,24,3,2,1,3,1,1,1,N
346,3,24,2,3,5152,1,4,4,3,1,2,3,25,1,2,1,3,1,1,1,N
347,2,12,2,9,1037,2,4,3,3,1,4,1,39,3,2,1,2,1,1,1,N
348,1,15,4,2,1478,1,5,4,3,1,4,3,44,3,2,2,3,2,2,1,N
349,2,12,4,3,3573,1,3,1,2,1,1,1,23,3,2,1,2,1,1,1,N
350,2,24,2,0,1201,1,2,4,3,1,1,2,26,3,2,1,3,1,1,1,N
351,1,30,2,2,3622,4,5,4,2,1,4,2,57,3,1,2,3,1,2,1,N
352,4,15,3,2,960,4,4,3,2,1,2,2,30,3,2,2,3,1,1,1,N
353,4,12,4,0,1163,3,3,4,3,1,4,1,44,3,2,1,3,1,2,1,N
354,4,12,2,3,3077,1,3,2,3,1,4,3,52,3,2,1,3,1,2,1,N
355,4,24,2,0,3757,1,5,4,2,2,4,4,62,3,3,1,3,1,2,1,N
356,4,10,2,0,1418,2,3,3,3,1,2,1,35,3,1,1,2,1,1,2,N
357,4,6,2,0,3518,1,3,2,3,3,3,2,26,3,1,1,3,1,1,1,N
358,4,12,4,3,1934,1,5,2,3,1,2,4,26,3,2,2,3,1,1,1,N
359,4,6,4,3,1237,2,3,1,2,1,1,2,27,3,2,2,3,1,1,1,N
360,2,6,2,3,368,5,5,4,3,1,4,2,38,3,2,1,3,1,1,1,N
361,1,12,4,0,2122,1,3,3,3,1,2,1,39,3,1,2,2,2,1,2,N
362,4,24,4,2,1585,1,4,4,3,1,3,2,40,3,2,2,3,1,1,1,N
363,2,18,2,3,1301,1,5,4,4,3,2,1,32,3,2,1,2,1,1,1,N
364,3,6,4,0,1323,2,5,2,1,1,4,3,28,3,2,2,3,2,2,1,N
365,1,36,2,1,5493,1,5,2,3,1,4,4,42,3,3,1,3,2,1,1,N
366,3,9,2,3,1126,2,5,2,1,1,4,1,49,3,2,1,3,1,1,1,N
367,3,15,4,1,2360,3,3,2,3,1,2,3,36,3,2,1,3,1,2,1,N
368,4,24,2,3,1413,1,3,4,4,1,2,2,28,3,2,1,3,1,1,1,N
369,4,39,2,1,8588,2,5,4,3,1,2,3,45,3,2,1,4,1,2,1,N
370,4,36,2,1,4686,1,3,2,3,1,2,4,32,3,3,1,4,1,2,1,N
371,3,15,2,9,2687,1,4,2,3,1,4,2,26,3,1,1,3,1,2,1,N
372,2,12,3,3,585,1,3,4,4,2,4,1,20,3,1,2,3,1,1,1,N
373,4,24,2,0,2255,5,2,4,3,1,1,2,54,3,2,1,3,1,1,1,N
374,1,6,4,0,609,1,4,4,2,1,3,2,37,3,2,2,3,1,1,2,N
375,1,6,4,0,1361,1,2,2,3,1,4,1,40,3,2,1,2,2,1,2,N
376,1,6,2,0,1203,2,5,3,3,1,2,2,43,3,2,1,3,1,2,1,N
377,4,6,4,3,700,5,5,4,3,1,4,4,36,3,3,2,3,1,1,1,N
378,4,24,4,5,5507,1,5,3,3,1,4,4,44,3,3,2,3,1,1,1,N
379,4,24,2,1,3488,2,4,3,2,1,4,3,23,3,2,1,3,1,1,1,N
380,2,18,2,3,1113,1,3,4,2,3,4,1,26,3,2,1,2,2,1,1,N
381,2,26,2,1,7966,1,2,2,3,1,3,3,30,3,2,2,3,1,1,1,N
382,4,15,4,6,1532,2,3,4,2,1,3,3,31,3,2,1,3,1,1,1,N
383,4,4,4,3,1503,1,4,2,3,1,1,1,42,3,2,2,2,2,1,1,N
384,1,6,2,0,662,1,2,3,3,1,4,1,41,3,2,1,2,2,2,1,N
385,2,36,2,6,2273,1,4,3,3,1,1,3,32,3,2,2,3,2,1,1,N
386,4,12,3,1,1503,1,3,4,4,1,4,1,41,3,1,1,3,1,1,1,N
387,4,24,2,3,1311,2,4,4,4,1,3,2,26,3,2,1,3,1,2,1,N
388,4,24,2,3,3105,5,2,4,3,1,2,3,25,3,2,2,3,1,1,1,N
389,1,6,2,0,1374,5,1,4,2,1,3,2,75,3,2,1,4,1,2,1,N
390,2,18,4,2,3612,1,5,3,2,1,4,2,37,3,2,1,3,1,2,1,N
391,3,18,2,2,3049,1,2,1,2,1,1,2,45,2,2,1,2,1,1,1,N
392,4,24,3,0,2032,1,5,4,3,1,4,4,60,3,3,2,3,1,2,1,N
393,4,12,4,0,1255,1,5,4,3,1,4,1,61,3,2,2,2,1,1,1,N
394,4,24,4,0,2022,1,3,4,2,1,4,3,37,3,2,1,3,1,2,1,N
395,4,24,2,3,1552,1,4,3,3,1,1,3,32,1,2,1,3,2,1,1,N
396,4,48,4,1,8858,5,4,2,3,1,1,4,35,3,3,2,3,1,2,1,N
397,4,12,4,5,996,5,4,4,2,1,4,1,23,3,2,2,3,1,1,1,N
398,4,6,1,3,1750,3,5,2,3,1,4,2,45,1,2,1,2,2,1,1,N
399,2,12,4,0,1995,2,2,4,3,1,1,3,27,3,2,1,3,1,1,1,N
400,2,9,2,6,1199,1,4,4,2,1,4,2,67,3,2,2,4,1,2,1,N
401,1,24,2,1,2964,5,5,4,3,1,4,4,49,1,3,1,3,2,2,1,N
402,3,6,3,3,683,1,2,2,2,1,1,2,29,1,2,1,3,1,1,1,N
403,2,24,3,9,4712,5,3,4,3,1,2,2,37,1,2,2,4,1,2,1,N
404,2,24,3,3,1553,2,4,3,2,1,2,2,23,3,1,2,3,1,2,1,N
405,4,24,4,3,2578,4,5,2,3,1,2,3,34,3,2,1,3,1,1,1,N
406,2,48,2,3,3979,5,4,4,3,1,1,3,41,3,2,2,3,2,2,1,N
407,4,30,4,3,5954,1,4,3,3,2,2,3,38,3,2,1,3,1,1,1,N
408,4,24,2,1,5433,5,1,2,2,1,4,2,26,3,1,1,4,1,2,1,N
409,1,15,2,9,806,1,3,4,2,1,4,2,22,3,2,1,2,1,1,1,N
410,2,9,2,3,1082,1,5,4,3,1,4,3,27,3,2,2,2,1,1,1,N
411,4,15,4,2,2788,1,4,2,2,2,3,3,24,1,2,2,3,1,1,1,N
412,2,12,2,3,2930,1,4,2,2,1,1,1,27,3,2,1,3,1,1,1,N
413,4,24,4,6,1927,5,3,3,2,1,2,3,33,3,2,2,3,1,2,1,N
414,4,24,2,8,937,1,2,4,4,1,3,3,27,3,2,2,2,1,1,1,N
415,2,12,4,0,3124,1,2,1,3,1,3,1,49,1,2,2,2,2,1,1,N
416,4,9,2,2,1388,1,3,4,2,1,2,1,26,3,1,1,3,1,1,1,N
417,4,12,2,0,2133,5,5,4,2,1,4,4,52,3,3,1,4,1,2,1,N
418,1,9,4,0,2799,1,3,2,3,1,2,1,36,3,1,2,3,2,1,1,N
419,1,12,2,2,1289,1,3,4,3,3,1,2,21,3,2,1,2,1,1,1,N
420,1,12,4,3,385,1,4,4,2,1,3,1,58,3,2,4,2,1,2,1,N
421,2,24,3,0,1965,5,3,4,2,1,4,3,42,3,1,2,3,1,2,1,N
422,4,21,2,9,1572,4,5,4,2,1,4,1,36,1,2,1,2,1,1,1,N
423,4,24,3,9,3863,1,3,1,3,1,2,4,32,3,3,1,3,1,1,1,N
424,2,7,2,3,2329,1,2,1,2,3,1,1,45,3,2,1,3,1,1,1,N
425,3,10,2,2,1275,1,2,4,2,1,2,2,23,3,2,1,3,1,1,1,N
426,1,24,1,2,2828,3,3,4,3,1,4,1,22,2,2,1,3,1,2,1,N
427,4,24,4,9,4526,1,3,3,3,1,2,1,74,3,2,1,4,1,2,1,N
428,4,18,2,3,2051,1,2,4,3,1,1,1,33,3,2,1,3,1,1,1,N
429,4,15,2,1,1300,5,5,4,3,1,4,4,45,1,3,1,3,2,1,1,N
430,1,21,2,3,3357,4,2,4,2,1,2,3,29,1,2,1,3,1,1,1,N
431,1,24,1,1,3632,1,3,1,2,3,4,3,22,1,1,1,3,1,1,2,N
432,2,48,0,9,12204,5,3,2,3,1,2,3,48,1,2,1,4,1,2,1,N
433,2,60,3,3,9157,5,3,2,3,1,2,4,27,3,3,1,4,1,1,1,N
434,1,6,4,0,3676,1,3,1,3,1,3,1,37,3,1,3,3,2,1,1,N
435,4,12,2,0,640,1,3,4,1,1,2,1,49,3,2,1,2,1,1,1,N
436,2,21,4,9,3652,1,4,2,3,1,3,2,27,3,2,2,3,1,1,1,N
437,1,12,2,2,1858,1,2,4,2,1,1,3,22,3,1,1,3,1,1,1,N
438,4,15,2,3,1979,5,5,4,3,1,2,3,35,3,2,1,3,1,1,1,N
439,3,6,2,2,2116,1,3,2,3,1,2,1,41,3,2,1,3,1,2,1,N
440,4,42,4,2,4042,3,3,4,3,1,4,1,36,3,2,2,3,1,2,1,N
441,4,9,2,6,3832,5,5,1,3,1,4,1,64,3,2,1,2,1,1,1,N
442,1,24,2,3,3660,1,3,2,2,1,4,3,28,3,2,1,3,1,1,1,N
443,2,15,2,3,1444,5,2,4,3,1,1,2,23,3,2,1,3,1,1,1,N
444,4,12,2,6,1393,1,5,4,3,1,4,2,47,1,2,3,3,2,2,1,N
445,4,24,2,3,1376,3,4,4,2,1,1,3,28,3,2,1,3,1,1,1,N
446,4,60,3,3,15653,1,4,2,3,1,4,3,21,3,2,2,3,1,2,1,N
447,4,12,2,3,1493,1,2,4,2,1,3,3,34,3,2,1,3,2,1,1,N
448,2,15,2,5,1308,1,5,4,3,1,4,3,38,3,2,2,2,1,1,1,N
449,4,24,4,3,1851,1,4,4,4,3,2,3,33,3,2,2,3,1,2,1,N
450,1,18,4,3,1880,1,4,4,4,1,1,2,32,3,2,2,4,1,2,1,N
451,1,30,0,2,4583,1,3,2,1,3,2,1,32,3,2,2,3,1,1,1,N
452,1,48,2,6,7476,1,4,4,3,1,1,4,50,3,3,1,4,1,2,1,N
453,4,24,4,1,2346,1,4,4,3,1,3,3,35,3,2,2,3,1,2,1,N
454,1,14,2,0,3973,1,1,1,3,1,4,4,22,3,3,1,3,1,1,1,N
455,4,48,2,3,10222,5,4,4,3,1,3,3,37,2,2,1,3,1,2,1,N
456,2,30,0,9,4221,1,3,2,2,1,1,3,28,3,2,2,3,1,1,1,N
457,2,18,4,2,6361,1,5,2,3,1,1,4,41,3,2,1,3,1,2,1,N
458,3,12,2,3,1297,1,3,3,4,1,4,1,23,3,1,1,3,1,1,1,N
459,4,21,2,2,2241,1,5,4,3,1,2,1,50,3,2,2,3,1,1,1,N
460,2,6,3,2,1050,1,1,4,3,1,1,2,35,2,2,2,4,1,2,1,N
461,3,6,4,6,1047,1,3,2,2,1,4,2,50,3,2,1,2,1,1,1,N
462,4,24,4,10,6314,1,1,4,3,2,2,4,27,1,2,2,4,1,2,1,N
463,2,30,1,2,3496,4,3,4,3,1,2,3,34,2,2,1,3,2,2,1,N
464,4,48,1,9,3609,1,3,1,2,1,1,1,27,2,2,1,3,1,1,1,N
465,3,30,4,3,3017,1,5,4,3,1,4,2,47,3,2,1,3,1,1,1,N
466,4,24,4,9,4139,2,3,3,3,1,3,2,27,3,2,2,2,1,2,1,N
467,4,36,2,9,5742,2,4,2,3,1,2,3,31,3,2,2,3,1,2,1,N
468,4,60,2,0,10366,1,5,2,3,1,4,2,42,3,2,1,4,1,2,1,N
469,4,6,4,0,2080,3,3,1,4,1,2,3,24,3,2,1,3,1,1,1,N
470,4,30,4,3,4530,1,4,4,2,1,4,3,26,3,1,1,4,1,2,1,N
471,4,24,4,2,5150,1,5,4,3,1,4,3,33,3,2,1,3,1,2,1,N
472,1,24,2,3,2384,1,5,4,3,1,4,1,64,1,1,1,2,1,1,1,N
473,4,18,2,3,1453,1,2,3,2,1,1,1,26,3,2,1,3,1,1,1,N
474,4,6,2,6,1538,1,2,1,2,1,2,4,56,3,2,1,3,1,1,1,N
475,4,12,2,3,2279,5,3,4,3,1,4,4,37,3,3,1,3,1,2,1,N
476,4,15,3,3,1478,1,3,4,4,1,3,1,33,1,2,2,3,1,1,1,N
477,4,24,4,3,5103,1,2,3,4,1,3,4,47,3,3,3,3,1,2,1,N
478,2,36,3,9,9857,2,4,1,3,1,3,2,31,3,2,2,2,2,2,1,N
479,4,60,2,0,6527,5,3,4,3,1,4,4,34,3,3,1,3,2,2,1,N
480,3,10,4,3,1347,5,4,4,3,1,2,2,27,3,2,2,3,1,2,1,N
481,2,36,3,0,2862,2,5,4,3,1,3,4,30,3,3,1,3,1,1,1,N
482,4,9,2,3,2753,2,5,3,3,2,4,3,35,3,2,1,3,1,2,1,N
483,1,12,2,0,3651,4,3,1,3,1,3,2,31,3,2,1,3,2,1,1,N
484,1,15,4,2,975,1,3,2,1,1,3,2,25,3,2,2,3,1,1,1,N
485,2,15,2,5,2631,2,3,3,2,1,2,1,25,3,2,1,2,1,1,1,N
486,2,24,2,3,2896,2,2,2,3,1,1,3,29,3,2,1,3,1,1,1,N
487,1,6,4,0,4716,5,2,1,3,1,3,1,44,3,2,2,2,2,1,1,N
488,4,24,2,3,2284,1,4,4,3,1,2,3,28,3,2,1,3,1,2,1,N
489,4,6,2,1,1236,3,3,2,3,1,4,2,50,3,1,1,3,1,1,1,N
490,2,12,2,3,1103,1,4,4,3,3,3,1,29,3,2,2,3,1,1,2,N
491,4,12,4,0,926,1,1,1,2,1,2,2,38,3,2,1,1,1,1,1,N
492,4,18,4,3,1800,1,3,4,3,1,2,3,24,3,2,2,3,1,1,1,N
493,3,15,2,6,1905,1,5,4,3,1,4,3,40,3,1,1,4,1,2,1,N
494,3,24,2,3,1377,2,5,4,2,1,2,4,47,3,3,1,3,1,2,1,N
495,2,30,3,9,2503,2,5,4,3,1,2,2,41,2,2,2,3,1,1,1,N
496,2,27,2,9,2528,1,2,4,2,1,1,2,32,3,2,1,3,2,2,1,N
497,4,15,2,0,5324,3,5,1,2,1,4,4,35,3,3,1,3,1,1,1,N
498,2,9,2,3,1206,1,5,4,2,1,4,1,25,3,2,1,3,1,1,1,N
499,2,9,2,3,2118,1,3,2,3,1,2,1,37,3,2,1,2,2,1,1,N
500,4,18,4,3,629,3,5,4,3,1,3,2,32,1,2,2,4,1,2,1,N
501,4,21,2,1,2476,5,5,4,3,1,4,1,46,3,2,1,4,1,2,1,N
502,1,9,4,3,1138,1,3,4,3,1,4,1,25,3,2,2,2,1,1,1,N
503,4,30,4,1,7596,5,5,1,3,1,4,3,63,3,2,2,3,1,1,1,N
504,4,30,4,3,3077,5,5,3,3,1,2,3,40,3,2,2,3,2,2,1,N
505,4,18,2,3,1505,1,3,4,3,1,2,4,32,3,3,1,4,1,2,1,N
506,3,24,4,3,3148,5,3,3,3,1,2,3,31,3,2,2,3,1,2,1,N
507,2,20,0,1,6148,2,5,3,4,1,4,3,31,1,2,2,3,1,2,1,N
508,2,9,2,3,790,3,3,4,2,1,3,1,66,3,2,1,2,1,1,1,N
509,4,6,4,0,250,4,3,2,2,1,2,1,41,1,2,2,2,1,1,1,N
510,4,15,4,3,1316,3,3,2,4,1,2,2,47,3,2,2,2,1,1,1,N
511,3,24,4,9,1275,4,3,2,1,1,4,1,36,3,2,2,3,1,2,1,N
512,2,24,3,3,6403,1,2,1,3,1,2,3,33,3,2,1,3,1,1,1,N
513,2,8,2,3,760,1,4,4,2,3,2,1,44,3,2,1,2,1,1,1,N
514,4,24,2,1,2603,4,3,2,2,1,4,3,28,3,1,1,3,1,2,1,N
515,4,4,4,0,3380,1,4,1,2,1,1,1,37,3,2,1,3,2,1,1,N
516,2,36,1,4,3990,5,2,3,2,1,2,4,29,1,2,1,1,1,1,1,N
517,1,18,2,0,4380,2,3,3,3,1,4,3,35,3,2,1,2,2,2,1,N
518,4,6,4,0,6761,1,4,1,3,1,3,4,45,3,2,2,4,2,2,1,N
519,1,24,1,0,2325,2,4,2,3,1,3,3,32,1,2,1,3,1,1,1,N
520,2,10,1,3,1048,1,3,4,3,1,4,1,23,2,2,1,2,1,1,1,N
521,4,21,2,3,3160,5,5,4,3,1,3,2,41,3,2,1,3,1,2,1,N
522,1,24,1,2,2483,3,3,4,3,1,4,1,22,2,2,1,3,1,2,1,N
523,1,39,4,2,14179,5,4,4,3,1,4,2,30,3,2,2,4,1,2,1,N
524,1,13,4,9,1797,1,2,3,3,1,1,2,28,1,2,2,2,1,1,1,N
525,1,15,2,0,2511,1,1,1,2,1,4,3,23,3,1,1,3,1,1,1,N
526,4,21,2,1,5248,5,3,1,3,1,3,3,26,3,2,1,3,1,1,1,N
527,4,15,2,1,3029,1,4,2,3,1,2,3,33,3,2,1,3,1,1,1,N
528,1,6,2,2,428,1,5,2,2,1,1,2,49,1,2,1,3,1,2,1,N
529,2,12,2,9,841,2,4,2,2,1,4,1,23,3,1,1,2,1,1,1,N
530,4,30,4,3,5771,1,4,4,2,1,2,3,25,3,2,2,3,1,1,1,N
531,3,6,4,0,1299,1,3,1,3,1,1,1,74,3,2,3,1,2,1,2,N
532,4,24,2,0,1393,1,3,2,3,3,2,1,31,3,2,1,3,1,2,1,N
533,4,15,4,0,5045,5,5,1,2,1,4,3,59,3,2,1,3,1,2,1,N
534,1,12,2,3,2214,1,3,4,3,1,3,2,24,3,2,1,2,1,1,1,N
535,4,24,4,0,2463,2,4,4,4,1,3,2,27,3,2,2,3,1,2,1,N
536,2,12,2,3,1155,1,5,3,4,3,3,1,40,1,2,2,2,1,1,1,N
537,4,10,2,1,2901,5,2,1,2,1,4,1,31,3,1,1,3,1,1,1,N
538,2,12,4,2,3617,1,5,1,3,1,4,3,28,3,1,3,3,1,2,1,N
539,4,12,4,3,1655,1,5,2,3,1,4,1,63,3,2,2,2,1,2,1,N
540,1,24,2,1,2812,5,5,2,2,1,4,1,26,3,1,1,3,1,1,1,N
541,4,21,4,1,3275,1,5,1,3,1,4,3,36,3,2,1,4,1,2,1,N
542,4,24,4,3,2223,2,5,4,3,1,4,2,52,1,2,2,3,1,1,1,N
543,3,12,4,0,1480,3,1,2,3,1,4,4,66,1,3,3,1,1,1,1,N
544,4,36,4,0,3535,1,4,4,3,1,4,3,37,3,2,2,3,1,2,1,N
545,1,18,2,3,3509,1,4,4,2,3,1,1,25,3,2,1,3,1,1,1,N
546,4,36,4,1,5711,4,5,4,3,1,2,3,38,3,2,2,4,1,2,1,N
547,2,18,2,5,3872,1,1,2,2,1,4,3,67,3,2,1,3,1,2,1,N
548,4,24,4,0,1940,4,5,4,3,1,4,1,60,3,2,1,3,1,2,1,N
549,2,12,0,8,1410,1,3,2,3,1,2,1,31,3,2,1,2,1,2,1,N
550,2,20,2,1,6468,5,1,1,1,1,4,1,60,3,2,1,4,1,2,1,N
551,2,18,2,9,1941,4,3,4,3,1,2,2,35,3,2,1,2,1,2,1,N
552,4,22,2,3,2675,3,5,3,3,1,4,3,40,3,2,1,3,1,1,1,N
553,4,48,4,1,2751,5,5,4,3,1,3,3,38,3,2,2,3,2,2,1,N
554,4,24,2,1,6313,5,5,3,3,1,4,3,41,3,2,1,4,2,2,1,N
555,4,6,4,2,1221,5,3,1,4,1,2,2,27,3,2,2,3,1,1,1,N
556,3,24,2,2,2892,1,5,3,1,1,4,4,51,3,3,1,3,1,1,1,N
557,4,24,2,2,3062,3,5,4,3,1,3,4,32,3,1,1,3,1,2,1,N
558,4,9,2,2,2301,2,2,2,2,1,4,2,22,3,1,1,3,1,1,1,N
559,4,12,4,2,1258,1,2,2,2,1,4,2,22,3,1,2,2,1,1,1,N
560,4,24,3,0,717,5,5,4,4,1,4,3,54,3,2,2,3,1,2,1,N
561,2,9,2,0,1549,5,2,4,3,1,2,1,35,3,2,1,1,1,1,1,N
562,4,24,4,6,1597,1,5,4,3,1,4,4,54,3,3,2,3,2,1,1,N
563,2,18,4,3,1795,1,5,3,2,3,4,1,48,1,1,2,2,1,2,1,N
564,1,20,4,2,4272,1,5,1,2,1,4,2,24,3,2,2,3,1,1,1,N
565,4,12,4,3,976,5,5,4,3,1,4,3,35,3,2,2,3,1,1,1,N
566,2,12,2,0,7472,5,1,1,2,1,2,1,24,3,1,1,1,1,1,1,N
567,2,6,2,3,590,1,2,3,4,1,3,1,26,3,2,1,2,1,1,2,N
568,4,12,4,3,930,5,5,4,3,1,4,1,65,3,2,4,3,1,1,1,N
569,2,42,1,1,9283,1,1,1,3,1,2,4,55,1,3,1,4,1,2,1,N
570,2,8,2,9,907,1,2,3,4,1,2,1,26,3,2,1,3,1,2,1,N
571,2,6,2,3,484,1,4,3,4,3,3,1,28,1,2,1,2,1,1,1,N
572,2,36,3,0,7432,1,3,2,2,1,2,2,54,3,1,1,3,1,1,1,N
573,4,6,2,4,1338,3,3,1,1,1,4,1,62,3,2,1,3,1,1,1,N
574,4,6,4,3,1554,1,4,1,2,1,2,3,24,3,1,2,3,1,2,1,N
575,1,36,2,10,15857,1,1,2,1,2,3,3,43,3,2,1,4,1,1,1,N
576,4,12,2,0,1101,1,3,3,4,1,2,1,27,3,2,2,3,1,2,1,N
577,3,12,2,3,3016,1,3,3,4,1,1,3,24,3,2,1,3,1,1,1,N
578,1,8,4,0,731,1,5,4,3,1,4,1,47,3,2,2,2,1,1,1,N
579,4,18,4,2,3780,1,2,3,1,1,2,3,35,3,2,2,4,1,2,1,N
580,1,21,4,0,1602,1,5,4,4,1,3,3,30,3,2,2,3,1,2,1,N
581,2,48,3,9,6681,5,3,4,3,1,4,4,38,3,3,1,3,2,2,1,N
582,4,24,3,9,2375,3,3,4,3,1,2,3,44,3,2,2,3,2,2,1,N
583,2,24,2,3,5084,5,5,2,2,1,4,3,42,3,2,1,3,1,2,1,N
584,4,12,2,3,886,5,3,4,2,1,2,3,21,3,2,1,3,1,1,1,N
585,4,4,2,2,601,1,2,1,2,1,3,1,23,3,1,1,2,2,1,1,N
586,1,24,4,1,2957,1,5,4,3,1,4,2,63,3,2,2,3,1,2,1,N
587,4,24,4,3,2611,1,5,4,4,2,3,1,46,3,2,2,3,1,1,1,N
588,4,21,3,1,2993,1,3,3,3,1,2,1,28,2,2,2,2,1,1,1,N
589,4,24,1,9,1559,1,4,4,3,1,4,3,50,1,2,1,3,1,2,1,N
590,4,18,2,2,3422,1,5,4,3,1,4,2,47,1,2,3,3,2,2,1,N
591,2,21,2,2,3976,5,4,2,3,1,3,3,35,3,2,1,3,1,2,1,N
592,4,24,2,0,1249,1,2,4,4,1,2,1,28,3,2,1,3,1,1,1,N
593,1,9,2,3,1364,1,4,3,3,1,4,1,59,3,2,1,3,1,1,1,N
594,4,24,4,1,4042,5,4,3,3,1,4,2,43,3,2,2,3,1,2,1,N
595,4,15,4,3,1471,1,3,4,3,1,4,4,35,3,3,2,3,1,2,1,N
596,4,36,3,0,10875,1,5,2,3,1,2,3,45,3,2,2,3,2,2,1,N
597,4,24,2,0,1474,2,2,4,4,1,3,1,33,3,2,1,3,1,2,1,N
598,4,10,2,8,894,5,4,4,2,1,3,2,40,3,2,1,3,1,2,1,N
599,4,15,4,2,3343,1,3,4,3,1,2,4,28,3,3,1,3,1,2,1,N
600,4,9,2,0,3577,2,3,1,3,3,2,1,26,3,1,1,3,2,1,2,N
601,4,24,4,1,5804,4,3,4,3,1,2,1,27,3,2,2,3,1,1,1,N
602,4,27,4,2,4526,4,2,4,3,1,2,1,32,2,2,2,2,2,2,1,N
603,4,15,2,2,2221,3,3,2,2,1,4,3,20,3,1,1,3,1,1,1,N
604,1,18,2,3,2389,1,2,4,2,1,1,3,27,2,2,1,3,1,1,1,N
605,4,12,4,2,3331,1,5,2,3,1,4,2,42,2,2,1,3,1,1,1,N
606,4,36,2,9,7409,5,5,3,3,1,2,2,37,3,2,2,3,1,1,1,N
607,1,12,2,2,652,1,5,4,2,1,4,2,24,3,1,1,3,1,1,1,N
608,4,36,3,2,7678,3,4,2,2,1,4,3,40,3,2,2,3,1,2,1,N
609,3,6,4,0,1343,1,5,1,3,1,4,1,46,3,2,2,3,2,1,2,N
610,1,24,4,9,1382,2,4,4,3,1,1,1,26,3,2,2,3,1,2,1,N
611,4,15,2,4,874,5,2,4,2,1,1,1,24,3,2,1,3,1,1,1,N
612,1,12,2,2,3590,1,3,2,3,2,2,2,29,3,2,1,2,2,1,1,N
613,2,11,4,0,1322,4,3,4,2,1,4,3,40,3,2,2,3,1,1,1,N
614,1,18,1,3,1940,1,2,3,3,2,4,4,36,1,3,1,4,1,2,1,N
615,4,36,2,3,3595,1,5,4,3,1,2,3,28,3,2,1,3,1,1,1,N
616,4,30,4,3,6742,5,4,2,3,1,3,2,36,3,2,2,3,1,1,1,N
617,4,24,2,1,7814,1,4,3,3,1,3,3,38,3,2,1,4,1,2,1,N
618,4,24,2,1,9277,5,3,2,1,1,4,4,48,3,3,1,3,1,2,1,N
619,2,30,4,0,2181,5,5,4,3,1,4,1,36,3,2,2,3,1,1,1,N
620,4,18,4,3,1098,1,1,4,2,1,4,3,65,3,2,2,1,1,1,1,N
621,2,24,4,9,2825,5,4,4,3,1,3,4,34,3,2,2,3,2,2,1,N
622,4,36,4,0,6614,1,5,4,3,1,4,3,34,3,2,2,4,1,2,1,N
623,4,28,1,1,7824,5,2,3,3,3,4,1,40,1,1,2,3,2,2,1,N
624,1,27,4,9,2442,1,5,4,3,1,4,3,43,2,2,4,4,2,2,1,N
625,4,15,4,3,1829,1,5,4,3,1,4,3,46,3,2,2,3,1,2,1,N
626,1,12,4,0,2171,1,3,4,3,1,4,2,38,1,2,2,2,1,1,2,N
627,2,36,4,1,5800,1,3,3,3,1,4,3,34,3,2,2,3,1,2,1,N
628,4,18,4,3,1169,5,3,4,3,1,3,2,29,3,2,2,3,1,2,1,N
629,4,36,3,1,8947,5,4,3,3,1,2,3,31,2,2,1,4,2,2,1,N
630,1,21,2,3,2606,1,2,4,2,1,4,2,28,3,1,1,4,1,2,1,N
631,4,12,4,2,1592,4,4,3,2,1,2,2,35,3,2,1,3,1,1,2,N
632,4,15,2,2,2186,5,4,1,2,1,4,1,33,1,1,1,2,1,1,1,N
633,4,20,4,0,3485,5,2,2,1,1,4,1,44,3,2,2,3,1,2,1,N
634,4,36,4,1,10477,5,5,2,3,1,4,4,42,3,3,2,3,1,1,1,N
635,4,15,2,3,1386,5,3,4,4,1,2,1,40,3,1,1,3,1,2,1,N
636,4,24,2,3,1278,1,5,4,3,1,1,1,36,3,2,1,4,1,2,1,N
637,1,12,2,3,1107,1,3,2,3,1,2,1,20,3,1,1,4,2,2,1,N
638,1,21,2,0,3763,5,4,2,3,2,2,1,24,3,2,1,2,1,1,2,N
639,2,36,2,6,3711,5,3,2,4,1,2,3,27,3,2,1,3,1,1,1,N
640,4,15,3,1,3594,1,2,1,2,1,2,2,46,3,2,2,2,1,1,1,N
641,2,9,2,0,3195,5,3,1,2,1,2,1,33,3,2,1,2,1,1,1,N
642,4,36,3,3,4454,1,3,4,2,1,4,1,34,3,2,2,3,1,1,1,N
643,2,30,2,3,2991,5,5,2,2,1,4,3,25,3,2,1,3,1,1,1,N
644,4,11,2,9,2142,4,5,1,1,1,2,1,28,3,2,1,3,1,2,1,N
645,4,10,2,1,2848,2,3,1,3,2,2,1,32,3,2,1,3,2,1,1,N
646,4,18,4,2,1817,1,3,4,2,1,2,4,28,3,2,2,3,1,1,1,N
647,4,48,3,3,12749,3,4,4,3,1,1,3,37,3,2,1,4,1,2,1,N
648,2,12,2,0,2002,1,4,3,3,1,4,2,30,3,1,1,3,2,2,1,N
649,1,18,4,2,1049,1,2,4,2,1,4,2,21,3,1,1,3,1,1,1,N
650,4,30,2,3,1867,5,5,4,3,1,4,3,58,3,2,1,3,1,2,1,N
651,1,12,3,0,1344,1,3,4,3,1,2,1,43,3,2,2,2,2,1,1,N
652,1,24,2,2,1747,1,2,4,3,2,1,2,24,3,2,1,2,1,1,2,N
653,4,9,4,0,1224,1,3,3,3,1,1,1,30,3,2,2,3,1,1,1,N
654,4,12,4,3,522,3,5,4,3,1,4,2,42,3,2,2,3,2,2,1,N
655,1,12,2,3,1498,1,3,4,2,1,1,3,23,1,2,1,3,1,1,1,N
656,2,6,2,3,2063,1,2,4,4,1,3,3,30,3,1,1,4,1,2,1,N
657,4,24,4,1,6842,5,3,2,3,1,4,2,46,3,2,2,4,2,2,1,N
658,4,12,2,0,3527,5,2,2,3,1,3,2,45,3,2,1,4,2,2,1,N
659,4,10,2,0,1546,1,3,3,3,1,2,1,31,3,2,1,2,2,1,2,N
660,4,24,2,2,929,5,4,4,3,1,2,3,31,2,2,1,3,1,2,1,N
661,4,4,4,0,1455,1,4,2,3,1,1,1,42,3,2,3,2,2,1,1,N
662,1,15,2,2,1845,1,2,4,2,3,1,2,46,3,1,1,3,1,1,1,N
663,2,48,0,0,8358,3,2,1,2,1,1,3,30,3,2,2,3,1,1,1,N
664,4,12,2,0,2859,5,1,4,3,1,4,4,38,3,2,1,4,1,2,1,N
665,2,18,4,9,3590,1,1,3,4,1,3,3,40,3,2,3,1,2,2,1,N
666,1,12,2,0,1893,1,3,4,2,3,4,2,29,3,2,1,3,1,2,1,N
667,1,24,4,3,1231,4,5,4,2,1,4,2,57,3,1,2,4,1,2,1,N
668,3,30,4,3,3656,5,5,4,3,1,4,2,49,2,2,2,2,1,1,1,N
669,2,9,4,3,1154,1,5,2,3,1,4,1,37,3,2,3,2,1,1,1,N
670,2,24,2,2,3069,2,5,4,3,1,4,4,30,3,3,1,3,1,1,1,N
671,4,6,4,3,1740,1,5,2,4,1,2,1,30,3,1,2,3,1,1,1,N
672,2,21,3,0,2353,1,3,1,1,1,4,2,47,3,2,2,3,1,1,1,N
673,4,15,2,0,3556,5,3,3,3,1,2,4,29,3,2,1,3,1,1,1,N
674,2,6,2,5,454,1,2,3,4,1,1,2,22,3,2,1,2,1,1,1,N
675,2,30,2,3,1715,5,3,4,2,1,1,3,26,3,2,1,3,1,1,1,N
676,4,15,2,3,3568,1,5,4,2,1,2,3,54,1,1,1,4,1,2,1,N
677,4,42,2,3,7166,5,4,2,4,1,4,2,29,3,1,1,3,1,2,1,N
678,1,11,4,0,3939,1,3,1,3,1,2,1,40,3,2,2,2,2,1,1,N
679,2,15,2,5,1514,2,3,4,3,3,2,1,22,3,2,1,3,1,1,1,N
680,4,24,2,0,7393,1,3,1,3,1,4,2,43,3,2,1,2,2,1,1,N
681,4,30,4,3,2831,1,3,4,2,1,2,3,33,3,2,1,3,1,2,1,N
682,3,24,2,3,1258,3,3,3,2,1,3,3,57,3,2,1,2,1,1,1,N
683,2,6,2,3,753,1,3,2,2,3,3,1,64,3,2,1,3,1,1,1,N
684,2,18,3,9,2427,5,5,4,3,1,2,2,42,3,2,2,3,1,1,1,N
685,3,21,2,0,2923,2,3,1,2,1,1,3,28,1,2,1,4,1,2,1,N
686,4,24,4,2,2028,1,4,2,3,1,2,2,30,3,2,2,2,1,1,1,N
687,1,15,4,2,1433,1,3,4,2,1,3,2,25,3,1,2,3,1,1,1,N
688,3,42,0,9,6289,1,2,2,1,1,1,2,33,3,2,2,3,1,1,1,N
689,4,13,2,3,1409,2,1,2,2,1,4,1,64,3,2,1,3,1,1,1,N
690,1,24,2,1,6579,1,1,4,3,1,2,4,29,3,3,1,4,1,2,1,N
691,2,24,4,3,1743,1,5,4,3,1,2,2,48,3,2,2,2,1,1,1,N
692,4,12,4,6,3565,5,2,2,3,1,1,2,37,3,2,2,2,2,1,1,N
693,4,15,1,3,1569,2,5,4,3,1,4,3,34,1,2,1,2,2,1,1,N
694,1,18,2,3,1936,5,4,2,4,1,4,3,23,3,1,2,2,1,1,1,N
695,1,36,2,2,3959,1,1,4,3,1,3,2,30,3,2,1,4,1,2,1,N
696,4,12,2,0,2390,5,5,4,3,1,3,3,50,3,2,1,3,1,2,1,N
697,4,12,2,2,1736,1,4,3,2,1,4,1,31,3,2,1,2,1,1,1,N
698,1,30,2,1,3857,1,3,4,1,1,4,2,40,3,2,1,4,1,2,1,N
699,4,12,2,3,804,1,5,4,3,1,4,3,38,3,2,1,3,1,1,1,N
700,2,45,4,1,4576,2,1,3,3,1,4,3,27,3,2,1,3,1,1,1,N
701,2,48,2,3,5951,1,3,2,2,1,2,1,22,3,2,1,3,1,1,1,Y
702,1,24,3,0,4870,1,3,3,3,1,4,4,53,3,3,2,3,2,1,1,Y
703,2,30,4,0,5234,1,1,4,4,1,2,3,28,3,2,2,4,1,1,1,Y
704,2,12,2,0,1295,1,2,3,2,1,1,3,25,3,1,1,3,1,1,1,Y
705,1,48,2,9,4308,1,2,3,2,1,4,2,24,3,1,1,3,1,1,1,Y
706,1,24,4,0,1199,1,5,4,3,1,4,3,60,3,2,2,2,1,1,1,Y
707,1,24,2,3,1282,2,3,4,2,1,2,3,32,3,2,1,2,1,1,1,Y
708,2,24,2,1,12579,1,5,4,2,1,2,4,44,3,3,1,4,1,2,1,Y
709,1,60,3,9,6836,1,5,3,3,1,4,4,63,3,2,2,3,1,2,1,Y
710,2,45,4,3,4746,1,2,4,3,1,2,2,25,3,2,2,2,1,1,1,Y
711,3,18,2,3,2100,1,3,4,3,2,2,1,37,2,2,1,3,1,1,1,Y
712,1,48,4,1,6143,1,5,4,2,1,4,4,58,2,3,2,2,1,1,1,Y
713,2,36,3,0,2225,1,5,4,3,1,4,4,57,1,3,2,3,1,2,1,Y
714,2,12,2,3,6468,5,1,2,3,1,1,4,52,3,2,1,4,1,2,1,Y
715,1,36,4,2,6229,1,2,4,2,2,4,4,23,3,1,2,2,1,2,1,Y
716,2,36,0,9,1953,1,5,4,3,1,4,4,61,3,3,1,4,1,2,1,Y
717,2,48,0,9,14421,1,3,2,3,1,2,3,25,3,2,1,3,1,2,1,Y
718,4,36,2,6,1819,1,3,4,3,1,4,4,37,2,3,1,3,1,2,1,Y
719,1,36,2,6,1977,5,5,4,3,1,4,4,40,3,2,1,4,1,2,1,Y
720,1,42,2,3,3965,1,2,4,3,1,3,3,34,3,2,1,3,1,1,1,Y
721,4,24,2,3,5943,5,2,1,2,1,1,3,44,3,2,2,3,1,2,1,Y
722,2,36,2,6,12612,2,3,1,3,1,4,4,47,3,3,1,3,2,2,1,Y
723,1,12,0,5,1108,1,4,4,3,1,3,1,28,3,2,2,3,1,1,1,Y
724,4,12,4,3,797,5,5,4,2,1,3,2,33,1,2,1,2,2,1,1,Y
725,2,54,0,9,15945,1,2,3,3,1,4,4,58,3,1,1,3,1,2,1,Y
726,2,24,4,10,11938,1,3,2,3,2,3,3,39,3,2,2,4,2,2,1,Y
727,4,18,1,0,6458,1,5,2,3,1,4,4,39,1,2,2,4,2,2,1,Y
728,4,36,4,0,7855,1,3,4,2,1,2,1,25,2,2,2,3,1,2,1,Y
729,1,42,2,3,7174,5,4,4,2,1,3,3,30,3,2,1,4,1,2,1,Y
730,1,33,4,2,4281,3,3,1,2,1,4,3,23,3,2,2,3,1,1,1,Y
731,1,21,2,3,1835,1,3,3,2,1,2,1,25,3,2,2,3,1,2,1,Y
732,2,18,2,2,1924,5,2,4,2,1,3,1,27,3,1,1,3,1,1,1,Y
733,2,12,2,5,639,1,3,4,3,1,2,3,30,3,2,1,3,1,1,1,Y
734,1,12,4,0,3499,1,3,3,2,2,2,1,29,3,2,2,3,1,1,1,Y
735,1,36,3,6,6887,1,3,4,3,1,3,2,29,2,2,1,3,1,2,1,Y
736,2,12,2,3,766,3,3,4,3,1,3,1,66,3,2,1,2,1,1,1,Y
737,1,18,2,2,2462,1,3,2,3,1,2,3,22,3,2,1,3,1,1,1,Y
738,1,12,2,2,1282,1,3,2,2,1,4,3,20,3,1,1,3,1,1,1,Y
739,1,18,2,2,1131,1,1,4,2,1,2,3,33,3,2,1,3,1,1,1,Y
740,2,24,4,9,1935,1,5,4,1,1,4,1,31,3,2,2,3,1,2,1,Y
741,1,15,0,0,950,1,5,4,3,1,3,3,33,3,1,2,3,2,1,1,Y
742,2,24,3,2,2064,1,1,3,2,1,2,2,34,3,2,1,4,1,2,1,Y
743,1,21,3,6,3414,1,2,2,3,1,1,2,26,3,2,2,3,1,1,1,Y
744,4,30,1,1,7485,5,1,4,2,1,1,1,53,1,2,1,4,1,2,1,Y
745,4,36,3,9,9572,1,2,1,1,1,1,3,28,3,2,2,3,1,1,1,Y
746,2,36,3,9,4455,1,3,2,1,1,2,1,30,2,2,2,4,1,2,1,Y
747,1,21,1,0,1647,5,3,4,3,1,2,2,40,3,2,2,2,2,1,1,Y
748,2,18,4,0,884,1,5,4,3,1,4,3,36,1,2,1,3,2,2,1,Y
749,2,9,1,1,5129,1,5,2,2,1,4,4,74,1,3,1,4,2,2,1,Y
750,1,12,2,3,674,2,4,4,4,1,1,2,20,3,2,1,3,1,1,1,Y
751,4,24,2,9,4591,4,3,2,3,1,3,2,54,3,2,3,4,1,2,1,Y
752,2,48,0,9,3844,2,4,4,3,1,4,4,34,3,3,1,2,2,1,1,Y
753,2,27,2,9,3915,1,3,4,3,1,2,3,36,3,2,1,3,2,2,1,Y
754,2,45,2,3,3031,2,3,4,3,3,4,2,21,3,1,1,3,1,1,1,Y
755,2,9,4,6,1501,1,5,2,2,1,3,3,34,3,2,2,4,1,2,1,Y
756,2,12,2,2,951,2,2,4,2,1,4,3,27,1,1,4,3,1,1,1,Y
757,2,18,3,2,4297,1,5,4,1,1,3,4,40,3,2,1,4,1,2,1,Y
758,1,12,2,8,902,1,4,4,4,1,4,2,21,3,1,1,3,1,1,1,Y
759,1,27,0,9,5293,1,1,2,3,1,4,2,50,2,2,2,3,1,2,1,Y
760,3,30,3,9,1908,1,5,4,3,1,4,1,66,3,2,1,4,1,2,1,Y
761,2,48,2,3,10961,4,4,1,3,2,2,4,27,1,2,2,3,1,2,1,Y
762,1,12,2,2,7865,1,5,4,3,1,4,4,53,3,3,1,4,1,2,1,Y
763,4,9,2,3,1478,1,4,4,3,1,2,3,22,3,2,1,3,1,1,1,Y
764,3,36,2,3,4210,1,3,4,3,1,2,3,26,3,2,1,3,1,1,1,Y
765,1,24,2,3,1823,1,1,4,3,1,2,3,30,2,2,1,4,2,1,1,Y
766,2,6,2,0,14555,5,1,1,3,1,2,2,23,3,2,1,1,1,2,1,Y
767,2,21,2,9,2767,2,5,4,1,1,2,3,61,1,1,2,2,1,1,1,Y
768,1,24,2,0,915,5,5,4,2,1,2,3,29,1,2,1,3,1,1,1,Y
769,1,48,0,1,4605,1,5,3,3,1,4,4,24,3,3,2,3,2,1,1,Y
770,4,18,2,3,433,1,1,3,2,2,4,1,22,3,1,1,3,1,1,1,Y
771,2,30,2,0,2150,1,3,4,2,3,2,4,24,1,2,1,3,1,1,1,Y
772,1,12,1,3,2149,1,3,4,1,1,1,4,29,3,3,1,3,1,1,1,Y
773,2,15,2,3,802,1,5,4,3,1,3,3,37,3,2,1,3,2,1,1,Y
774,1,14,2,0,8978,1,5,1,1,1,4,2,45,3,2,1,4,1,2,2,Y
775,2,48,2,3,3060,1,4,4,3,1,4,1,28,3,2,2,3,1,1,1,Y
776,1,30,2,5,11998,1,2,1,1,1,1,4,34,3,2,1,2,1,2,1,Y
777,4,6,2,2,4611,1,2,1,2,1,4,2,32,3,2,1,3,1,1,1,Y
778,1,24,3,3,1024,1,2,4,4,1,4,1,48,2,2,1,3,1,1,1,Y
779,2,36,2,1,9398,1,2,1,4,1,4,3,28,3,1,1,4,1,2,1,Y
780,2,48,2,2,9960,1,2,1,2,1,2,3,26,3,2,1,3,1,2,1,Y
781,2,36,0,3,3804,1,3,4,2,1,1,3,42,3,2,1,3,1,2,1,Y
782,3,24,4,0,1344,5,4,4,3,1,2,1,37,1,2,2,2,2,1,1,Y
783,4,48,4,0,10127,3,3,2,3,1,2,4,44,1,3,1,3,1,1,1,Y
784,1,12,2,3,727,2,2,4,4,1,3,4,33,3,2,1,2,1,2,1,Y
785,2,8,2,2,1237,1,3,3,2,1,4,1,24,3,2,1,3,1,1,1,Y
786,2,12,2,0,685,1,4,2,4,1,3,3,25,1,2,1,2,1,1,1,Y
787,1,36,1,2,2746,1,5,4,3,1,4,3,31,1,2,1,3,1,1,1,Y
788,2,30,4,0,4249,1,1,4,4,1,2,3,28,3,2,2,4,1,1,1,Y
789,1,24,2,3,1938,1,2,4,1,1,3,2,32,3,2,1,3,1,1,1,Y
790,4,18,4,6,1864,2,3,4,2,1,2,1,30,3,2,2,3,1,1,1,Y
791,2,60,2,0,7408,2,2,4,2,1,2,2,24,3,2,1,4,1,1,1,Y
792,4,48,4,1,11590,2,3,2,2,1,4,3,24,1,1,2,2,1,1,1,Y
793,1,24,0,2,4110,1,5,3,3,1,4,4,23,1,1,2,3,2,1,1,Y
794,1,6,4,2,3384,1,3,1,1,1,4,1,44,3,1,1,4,1,2,1,Y
795,1,15,2,4,1275,5,3,4,2,1,2,3,24,3,1,1,3,1,1,1,Y
796,2,9,4,6,1136,4,5,4,3,1,3,4,32,3,3,2,3,2,1,1,Y
797,2,9,2,2,959,1,3,1,2,1,2,3,29,3,2,1,3,1,1,2,Y
798,1,12,0,3,6199,1,3,4,3,1,2,2,28,3,1,2,3,1,2,1,Y
799,2,24,2,0,1246,1,2,4,3,1,2,1,23,2,2,1,2,1,1,1,Y
800,4,36,3,3,4463,1,3,4,3,1,2,3,26,3,2,2,4,1,2,1,Y
801,1,30,2,2,2406,1,4,4,2,1,4,1,23,3,1,1,3,1,1,1,Y
802,1,18,2,2,2473,1,1,4,3,1,1,3,25,3,2,1,1,1,1,1,Y
803,1,36,2,2,3446,1,5,4,3,1,2,3,42,3,2,1,3,2,1,1,Y
804,2,60,1,10,14782,2,5,3,2,1,4,4,60,1,3,2,4,1,2,1,Y
805,1,48,1,9,7685,1,4,2,2,3,4,3,37,3,1,1,3,1,1,1,Y
806,2,36,2,0,14318,1,5,4,3,1,2,4,57,3,3,1,4,1,2,1,Y
807,2,18,2,1,12976,1,1,3,2,1,4,4,38,3,3,1,4,1,2,1,Y
808,2,12,2,0,1223,1,5,1,1,1,1,1,46,3,1,2,3,1,1,1,Y
809,4,24,3,9,8648,1,2,2,3,1,2,3,27,1,2,2,3,1,2,1,Y
810,2,24,2,3,2039,1,2,1,4,1,1,2,22,3,2,1,3,1,2,1,Y
811,3,12,4,0,939,3,4,4,4,1,2,1,28,3,2,3,3,1,2,1,Y
812,4,12,4,9,2292,1,1,4,3,1,2,3,42,2,2,2,4,1,2,1,Y
813,1,24,2,0,1381,5,3,4,2,1,2,2,35,3,2,1,3,1,1,1,Y
814,1,12,2,0,2579,1,2,4,3,1,1,1,33,3,2,1,2,2,1,1,Y
815,2,18,2,0,1042,5,3,4,2,1,2,2,33,3,2,1,3,1,1,1,Y
816,2,12,2,2,2762,5,5,1,2,1,2,2,25,1,2,1,3,1,2,1,Y
817,1,18,4,5,1190,1,1,2,2,1,4,4,55,3,3,3,1,2,1,1,Y
818,2,24,2,10,11328,1,3,2,3,2,3,3,29,1,2,2,4,1,2,1,Y
819,2,12,2,3,1484,5,3,2,4,1,1,1,25,3,2,1,3,1,2,1,Y
820,3,12,1,9,609,1,2,4,2,1,1,1,26,3,2,1,1,1,1,1,Y
821,4,12,2,6,719,1,5,4,3,1,4,3,41,1,2,1,2,2,1,1,Y
822,2,48,4,2,5096,1,3,2,2,1,3,3,30,3,2,1,4,1,2,1,Y
823,1,36,2,0,1842,1,2,4,2,1,4,3,34,3,2,1,3,1,2,1,Y
824,2,15,3,5,1512,4,3,3,4,1,3,2,61,2,2,2,3,1,1,1,Y
825,1,24,2,0,4817,1,4,2,3,2,3,2,31,3,2,1,3,1,2,1,Y
826,1,12,2,1,3386,1,5,3,3,1,4,4,35,3,3,1,3,1,2,1,Y
827,1,24,3,3,1659,1,2,4,2,1,2,3,29,3,1,1,2,1,2,1,Y
828,2,24,2,3,3092,2,2,3,4,1,2,3,22,3,1,1,3,1,2,1,Y
829,1,6,2,6,448,1,2,4,2,1,4,2,23,3,2,1,3,1,1,1,Y
830,1,9,2,0,654,1,3,4,3,1,3,3,28,3,2,1,2,1,1,1,Y
831,2,18,4,3,1245,1,3,4,4,1,2,3,33,3,2,1,3,1,1,1,Y
832,1,18,0,2,3114,1,2,1,2,1,4,2,26,3,1,1,3,1,1,1,Y
833,2,6,3,0,1209,1,1,4,3,1,4,2,47,3,2,1,4,1,2,1,Y
834,2,27,0,9,8318,1,5,2,2,1,4,4,42,3,3,2,4,1,2,1,Y
835,1,24,2,2,2996,5,3,2,4,1,4,3,20,3,2,1,3,1,1,1,Y
836,2,36,2,2,9034,2,2,4,3,2,1,4,29,3,1,1,4,1,2,1,Y
837,1,24,2,0,3123,1,2,4,2,1,1,2,27,3,2,1,3,1,1,1,Y
838,2,24,4,3,1216,2,2,4,3,1,4,4,38,1,2,2,3,2,1,1,Y
839,1,24,2,0,1207,1,2,4,2,1,4,2,24,3,1,1,3,1,1,1,Y
840,4,10,2,0,1309,5,3,4,3,3,4,2,27,3,2,1,2,1,1,1,Y
841,2,15,1,0,6850,2,1,1,3,1,2,2,34,3,2,1,4,2,2,1,Y
842,1,12,2,0,759,1,4,4,3,1,2,1,26,3,2,1,3,1,1,1,Y
843,4,36,4,2,7127,1,2,2,2,1,4,2,23,3,1,2,3,1,2,1,Y
844,1,18,2,3,3190,1,3,2,2,1,2,1,24,3,2,1,3,1,1,1,Y
845,1,48,0,2,7119,1,3,3,3,1,4,4,53,3,3,2,3,2,1,1,Y
846,1,36,2,3,2302,1,3,4,1,1,4,3,31,3,1,1,3,1,1,1,Y
847,2,15,2,0,2631,2,3,2,2,1,4,3,28,3,1,2,3,1,2,1,Y
848,3,21,4,6,2319,1,2,2,1,1,1,3,33,3,1,1,3,1,1,1,Y
849,1,48,2,0,7763,1,5,4,3,1,4,4,42,1,3,1,4,1,1,1,Y
850,2,12,2,3,1534,1,2,1,4,1,1,1,23,3,1,1,3,1,1,1,Y
851,1,30,2,2,6350,5,5,4,3,1,4,2,31,3,2,1,3,1,1,1,Y
852,3,18,2,2,2864,1,3,2,3,1,1,1,34,3,2,1,2,2,1,1,Y
853,1,24,3,0,1333,1,1,4,3,1,2,1,43,3,3,2,3,2,1,1,Y
854,1,12,1,3,626,1,3,4,2,1,4,1,24,1,2,1,2,1,1,1,Y
855,1,48,2,3,6999,1,4,1,4,3,1,1,34,3,2,2,3,1,2,1,Y
856,2,12,2,3,1331,1,2,2,3,1,1,3,22,2,2,1,3,1,1,1,Y
857,2,18,0,0,2278,2,2,3,2,1,3,3,28,3,2,2,3,1,1,1,Y
858,4,21,0,0,5003,5,3,1,2,1,4,2,29,1,2,2,3,1,2,1,Y
859,1,24,1,2,3552,1,4,3,3,1,4,3,27,1,2,1,3,1,1,1,Y
860,2,18,4,2,1928,1,2,2,3,1,2,1,31,3,2,2,2,1,1,1,Y
861,1,24,1,3,1546,1,4,4,3,3,4,3,24,1,1,1,2,1,1,1,Y
862,2,36,2,0,12389,5,3,1,3,1,4,4,37,3,3,1,3,1,2,1,Y
863,1,12,2,0,1372,1,4,2,1,1,3,3,36,3,2,1,3,1,1,1,Y
864,1,48,2,3,6758,1,3,3,2,1,2,3,31,3,2,1,3,1,2,1,Y
865,1,24,2,2,3234,1,2,4,2,1,4,1,23,3,1,1,2,1,2,1,Y
866,2,36,4,0,2820,1,2,4,1,1,4,3,27,3,2,2,3,1,1,1,Y
867,2,18,4,0,1056,1,5,3,3,3,3,1,30,1,2,2,3,1,1,1,Y
868,2,36,2,5,2384,1,2,4,3,1,1,4,33,3,1,1,2,1,1,1,Y
869,1,18,2,2,2039,1,3,1,2,1,4,1,20,1,1,1,3,1,1,1,Y
870,1,18,2,4,1217,1,3,4,4,1,3,1,47,3,2,1,2,1,2,1,Y
871,1,12,4,2,2246,1,5,3,3,1,3,2,60,3,2,2,3,1,1,1,Y
872,2,24,2,0,2718,1,3,3,2,1,4,2,20,3,1,1,2,1,2,1,Y
873,1,24,1,10,1358,5,5,4,3,1,3,3,40,2,2,1,4,1,2,1,Y
874,2,6,1,0,931,2,2,1,2,1,1,2,32,2,2,1,2,1,1,1,Y
875,1,24,2,0,1442,1,4,4,2,1,4,3,23,3,1,2,3,1,1,1,Y
876,2,24,0,9,4241,1,3,1,3,1,4,1,36,3,2,3,2,1,2,1,Y
877,4,18,4,0,2775,1,4,2,3,1,2,2,31,1,2,2,3,1,1,1,Y
878,2,9,2,2,918,1,3,4,2,1,1,2,30,3,2,1,3,1,1,1,Y
879,2,24,1,6,1837,1,4,4,2,1,4,4,34,1,3,1,2,1,1,1,Y
880,4,36,2,2,3349,1,3,4,2,1,2,3,28,3,2,1,4,1,2,1,Y
881,2,36,2,3,2671,2,3,4,2,2,4,4,50,3,3,1,3,1,1,1,Y
882,1,12,2,4,741,2,1,4,2,1,3,2,22,3,2,1,3,1,1,1,Y
883,3,10,2,0,1240,2,5,1,2,1,4,4,48,3,3,1,2,2,1,1,Y
884,4,18,3,2,1808,1,4,4,2,1,1,1,22,3,2,1,3,1,1,1,Y
885,2,30,2,2,3441,2,3,2,2,2,4,3,21,3,1,1,3,1,1,1,Y
886,4,18,4,0,1530,1,3,3,3,1,2,2,32,1,2,2,3,1,1,1,Y
887,4,48,2,9,3914,5,3,4,1,1,2,1,38,1,2,1,3,1,1,1,Y
888,1,18,2,3,2600,1,3,4,3,1,4,4,65,3,3,2,3,1,1,1,Y
889,2,9,1,0,1437,2,4,2,3,1,3,4,29,3,2,1,3,1,1,1,Y
890,1,18,1,2,1553,1,3,4,3,1,3,3,44,1,2,1,3,1,1,1,Y
891,4,9,2,2,1980,1,2,2,2,2,2,3,19,3,1,2,3,1,1,1,Y
892,2,24,2,0,1355,1,2,3,2,1,4,3,25,3,2,1,2,1,2,1,Y
893,1,42,3,3,4370,1,4,3,3,1,2,2,26,1,2,2,3,2,2,1,Y
894,1,18,2,6,750,1,1,4,2,1,1,1,27,3,2,1,1,1,1,1,Y
895,4,15,2,6,4623,2,3,3,3,1,2,2,40,3,2,1,4,1,2,1,Y
896,4,36,3,9,7980,5,2,4,3,1,4,3,27,3,1,2,3,1,2,1,Y
897,4,12,2,0,1386,3,3,2,2,1,2,2,26,3,2,1,3,1,1,1,Y
898,3,24,2,0,947,1,4,4,3,1,3,4,38,1,3,1,3,2,1,1,Y
899,1,12,2,6,684,1,3,4,3,1,4,3,40,3,1,1,2,2,1,1,Y
900,2,12,2,2,1922,1,3,4,3,1,2,2,37,3,2,1,2,1,1,1,Y
901,1,24,2,0,2303,1,5,4,3,2,1,1,45,3,2,1,3,1,1,1,Y
902,2,36,3,0,8086,2,5,2,3,1,4,3,42,3,2,4,4,1,2,1,Y
903,2,12,2,0,888,1,5,4,3,1,4,3,41,1,2,1,2,2,1,1,Y
904,1,12,2,0,900,5,3,4,4,1,2,3,23,3,2,1,3,1,1,1,Y
905,1,12,4,0,4843,1,5,3,3,2,4,2,43,3,1,2,3,1,2,1,Y
906,4,21,3,9,2580,3,2,4,3,1,2,1,41,1,2,1,2,2,1,1,Y
907,2,72,2,3,5595,2,3,2,4,1,2,3,24,3,2,1,3,1,1,1,Y
908,4,12,2,2,1123,3,3,4,2,1,4,3,29,3,1,1,2,1,1,1,Y
909,1,48,4,1,6331,1,5,4,3,1,4,4,46,3,3,2,3,1,2,1,Y
910,2,48,2,0,6560,2,4,3,3,1,2,2,24,3,2,1,3,1,1,1,Y
911,2,12,0,2,2969,1,2,4,2,1,3,2,25,3,1,2,3,1,1,1,Y
912,1,6,1,6,1198,1,5,4,2,1,4,4,35,3,3,1,3,1,1,1,Y
913,2,60,2,0,14027,1,4,4,3,1,2,4,27,3,2,1,4,1,2,1,Y
914,3,9,0,3,1337,1,2,4,3,1,2,3,34,3,2,2,4,1,2,1,Y
915,2,6,1,6,433,4,2,4,2,1,2,2,24,1,1,1,3,2,1,1,Y
916,1,12,2,0,1228,1,3,4,2,1,2,1,24,3,2,1,2,1,1,1,Y
917,4,27,2,0,2570,1,3,3,2,1,3,1,21,3,1,1,3,1,1,1,Y
918,1,18,2,3,1882,1,3,4,2,1,4,3,25,1,1,2,3,1,1,1,Y
919,2,48,1,9,6416,1,5,4,2,1,3,4,59,3,1,1,3,1,1,1,Y
920,1,24,2,3,1987,1,3,2,3,1,4,1,21,3,1,1,2,2,1,1,Y
921,2,24,2,1,11560,1,3,1,2,1,4,3,23,3,1,2,4,1,1,1,Y
922,2,30,0,9,4280,2,3,4,2,1,4,3,26,3,1,2,2,1,1,1,Y
923,1,12,2,0,1274,1,2,3,2,1,1,1,37,3,2,1,2,1,1,1,Y
924,1,18,2,0,976,1,2,1,2,1,2,3,23,3,2,1,2,1,1,1,Y
925,4,12,3,5,1555,4,5,4,3,1,4,4,55,3,3,2,3,2,1,1,Y
926,1,24,2,0,1285,5,4,4,2,1,4,4,32,3,1,1,3,1,1,1,Y
927,3,15,4,3,1271,5,3,3,3,1,4,4,39,3,3,2,3,1,2,1,Y
928,1,12,4,0,691,1,5,4,3,1,3,2,35,3,2,2,3,1,1,1,Y
929,1,18,4,2,2124,1,3,4,2,1,4,1,24,3,1,2,3,1,1,1,Y
930,4,21,4,0,12680,5,5,4,3,1,4,4,30,3,3,1,4,1,2,1,Y
931,1,30,2,2,3108,1,2,2,1,1,4,2,31,3,2,1,2,1,1,1,Y
932,1,36,4,6,8065,1,3,3,2,1,2,4,25,3,2,2,4,1,2,1,Y
933,1,24,2,0,1371,5,3,4,2,1,4,1,25,3,1,1,3,1,1,1,Y
934,2,39,4,3,4933,1,4,2,3,3,2,1,25,3,2,2,3,1,1,1,Y
935,2,12,2,0,836,2,2,4,2,1,2,2,23,1,2,1,2,1,1,1,Y
936,2,48,3,6,6224,1,5,4,3,1,4,4,50,3,3,1,3,1,1,1,Y
937,1,40,4,6,5998,1,3,4,3,1,3,4,27,1,2,1,3,1,2,1,Y
938,2,21,2,9,1188,1,5,2,2,1,4,2,39,3,2,1,3,2,1,1,Y
939,1,18,2,1,7511,5,5,1,3,1,4,2,51,3,3,1,3,2,2,1,Y
940,1,36,2,0,9271,1,4,2,3,1,1,3,24,3,2,1,3,1,2,1,Y
941,2,15,0,0,1778,1,2,2,2,1,1,1,26,3,1,2,1,1,1,1,Y
942,1,36,4,1,9629,1,4,4,3,1,4,3,24,3,2,2,3,1,2,1,Y
943,1,48,2,4,3051,1,3,3,3,1,4,3,54,3,2,1,3,1,1,1,Y
944,1,48,2,0,3931,1,4,4,3,1,4,4,46,3,3,1,3,2,1,1,Y
945,1,18,2,3,1345,1,3,4,4,1,3,1,26,1,2,1,3,1,1,1,Y
946,1,36,2,2,2712,1,5,2,3,1,2,2,41,1,2,1,3,2,1,1,Y
947,1,18,4,0,3966,1,5,1,2,1,4,1,33,1,1,3,3,1,2,1,Y
948,4,18,0,9,4165,1,3,2,3,1,2,3,36,2,2,2,3,2,1,1,Y
949,1,36,2,1,8335,5,5,3,3,1,4,4,47,3,3,1,3,1,1,1,Y
950,1,18,2,0,1216,1,2,4,2,1,3,3,23,3,1,1,3,1,2,1,Y
951,1,45,0,9,11816,1,5,2,3,1,4,3,29,3,1,2,3,1,1,1,Y
952,3,15,2,3,2327,1,2,2,2,1,3,1,25,3,2,1,2,1,1,1,Y
953,1,12,0,0,1082,1,3,4,3,1,4,3,48,1,2,2,3,1,1,1,Y
954,1,36,2,2,5179,1,4,4,3,1,2,2,29,3,2,1,3,1,1,1,Y
955,4,18,2,5,1943,1,2,4,2,1,4,1,23,3,2,1,3,1,1,1,Y
956,4,18,2,0,6761,5,3,2,3,1,4,3,68,3,1,2,3,1,1,1,Y
957,1,12,2,3,709,1,5,4,3,1,4,1,57,2,2,1,2,1,1,1,Y
958,1,20,4,0,2235,1,3,4,4,3,2,2,33,1,1,2,3,1,1,2,Y
959,1,18,1,0,1442,1,4,4,3,1,4,4,32,3,3,2,2,2,1,1,Y
960,1,15,2,0,3959,1,3,3,2,1,2,2,29,3,2,1,3,1,2,1,Y
961,4,18,3,9,2169,1,3,4,4,1,2,3,28,3,2,1,3,1,2,1,Y
962,1,24,2,3,2439,1,2,4,2,1,4,1,35,3,2,1,3,1,2,1,Y
963,4,10,2,2,2210,1,3,2,3,1,2,1,25,1,1,1,2,1,1,1,Y
964,1,9,2,0,1422,1,2,3,3,1,2,4,27,3,3,1,4,1,2,1,Y
965,2,24,2,2,4057,1,4,3,1,1,3,3,43,3,2,1,3,1,2,1,Y
966,1,12,2,6,795,1,2,4,2,1,4,2,53,3,2,1,3,1,1,1,Y
967,2,48,2,9,15672,1,3,2,3,1,2,3,23,3,2,1,3,1,2,1,Y
968,1,18,2,2,4153,1,3,2,3,2,3,3,42,3,2,1,3,1,1,1,Y
969,1,16,4,0,2625,1,5,2,3,3,4,2,43,1,1,1,3,1,2,1,Y
970,2,24,4,2,4736,1,2,2,2,1,4,3,25,1,2,1,2,1,1,1,Y
971,1,24,1,9,3161,1,3,4,3,1,2,2,31,3,1,1,3,1,2,1,Y
972,2,48,0,10,18424,1,3,1,2,1,2,2,32,1,2,1,4,1,2,2,Y
973,1,6,2,0,14896,1,5,1,3,1,4,4,68,1,2,1,4,1,2,1,Y
974,1,24,2,2,2359,2,1,1,1,1,1,2,33,3,2,1,3,1,1,1,Y
975,1,24,2,2,3345,1,5,4,3,1,2,2,39,3,1,1,4,1,2,1,Y
976,1,9,2,3,1366,1,2,3,2,1,4,2,22,3,1,1,3,1,1,1,Y
977,1,24,1,2,6872,1,2,2,1,1,1,2,55,1,2,1,3,1,2,1,Y
978,1,12,1,0,697,1,2,4,3,1,2,3,46,1,2,2,3,1,2,1,Y
979,1,48,2,1,10297,1,4,4,3,1,4,4,39,2,3,3,3,2,2,1,Y
980,2,9,2,3,1670,1,2,4,2,1,2,3,22,3,2,1,3,1,2,1,Y
981,2,30,3,3,1919,2,2,4,3,1,3,4,30,2,2,2,4,1,1,1,Y
982,3,9,2,3,745,1,3,3,2,1,2,1,28,3,2,1,2,1,1,1,Y
983,2,60,2,6,6288,1,3,4,3,1,4,4,42,3,3,1,3,1,1,1,Y
984,1,24,1,2,3349,3,2,4,3,1,4,4,30,3,3,1,3,2,2,1,Y
985,4,18,2,2,1533,1,2,4,4,2,1,2,43,3,2,1,2,2,1,1,Y
986,4,24,2,3,3621,2,5,2,3,1,4,3,31,3,2,2,3,1,1,1,Y
987,1,36,3,9,2145,1,4,2,3,1,1,3,24,3,2,2,3,1,2,1,Y
988,2,24,2,1,4113,3,2,3,2,1,4,3,28,3,1,1,3,1,1,1,Y
989,4,36,2,2,10974,1,1,4,2,1,2,3,26,3,2,2,4,1,2,1,Y
990,1,28,2,0,4006,1,3,3,3,1,2,3,45,3,2,1,2,1,1,1,Y
991,4,24,2,3,2397,3,5,3,3,1,2,3,35,1,2,2,3,1,2,1,Y
992,2,27,4,3,2520,3,3,4,3,1,2,2,23,3,2,2,2,1,1,1,Y
993,1,24,1,0,1193,1,1,1,2,2,4,4,29,3,1,2,1,1,1,1,Y
994,1,60,2,9,7297,1,5,4,3,2,4,4,36,3,1,1,3,1,1,1,Y
995,4,24,3,0,2538,1,5,4,3,1,4,3,47,3,2,2,2,2,1,1,Y
996,2,15,1,0,1264,2,3,2,4,1,2,2,25,3,1,1,3,1,1,1,Y
997,2,30,4,2,8386,1,4,2,3,1,2,2,49,3,2,1,3,1,1,1,Y
998,4,48,2,9,4844,1,1,3,3,1,2,3,33,1,1,1,4,1,2,1,Y
999,1,36,2,1,8229,1,3,2,3,1,2,2,26,3,2,1,3,2,1,1,Y
1000,1,45,2,3,1845,1,3,4,3,1,4,4,23,3,3,1,3,1,2,1,Y
